sol,attitude,imageid,caption,sample_type,date_taken_mars,credit,date_taken_utc,json_link,link,drive,title,site,date_received,extended_mastAz,extended_mastEl,extended_sclk,extended_scaleFactor,extended_xyz,extended_subframeRect,extended_dimension,image_files_medium,image_files_small,image_files_full_res,image_files_large,camera_filter_name,camera_camera_vector,camera_camera_model_component_list,camera_camera_position,camera_instrument,camera_camera_model_type
78,"(0.206523,-0.0123667,0.018816,0.978183)",LRE_0078_0673870805_259ECM_N0032430SCAM02078_0050I6J,"NASA's Mars Perseverance rover acquired this image using the SuperCam Remote Micro-Imager, located at the top of the rover's mast. 

This image was acquired on May. 9, 2021 (Sol 78) at the local mean solar time of 14:06:54.",Full,Sol-00078M14:06:54.404,NASA/JPL-Caltech/LANL/CNES/IRAP,2021-05-09T22:22:30.210,https://mars.nasa.gov/rss/api/?feed=raw_images&category=mars2020&feedtype=json&id=LRE_0078_0673870805_259ECM_N0032430SCAM02078_0050I6J,https://mars.nasa.gov/mars2020/multimedia/raw-images/?id=LRE_0078_0673870805_259ECM_N0032430SCAM02078_0050I6J,2430,Mars Perseverance Sol 78: SuperCam Camera,3,2021-05-10T02:26:01Z,345.584,-55.1691,673870805.412,UNK,"(-30.546,99.9637,0.788912)","(1,1,2048,2048)","(2048,2048)",https://mars.nasa.gov/mars2020-raw-images/pub/ods/surface/sol/00078/ids/edr/browse/scam/LRE_0078_0673870805_259ECM_N0032430SCAM02078_0050I6J01_800.jpg,https://mars.nasa.gov/mars2020-raw-images/pub/ods/surface/sol/00078/ids/edr/browse/scam/LRE_0078_0673870805_259ECM_N0032430SCAM02078_0050I6J01_320.jpg,https://mars.nasa.gov/mars2020-raw-images/pub/ods/surface/sol/00078/ids/edr/browse/scam/LRE_0078_0673870805_259ECM_N0032430SCAM02078_0050I6J01.png,https://mars.nasa.gov/mars2020-raw-images/pub/ods/surface/sol/00078/ids/edr/browse/scam/LRE_0078_0673870805_259ECM_N0032430SCAM02078_0050I6J01_1200.jpg,UNK,UNK,"(0.852081,0.431711,-2.18632);(0.907367,0.218036,0.359392);(20576.1,78201.8,157.371);(-63218.0,16018.3,45855.4)","(0.852081,0.431711,-2.18632)",SUPERCAM_RMI,CAHV
78,"(0.206523,-0.0123667,0.018816,0.978183)",LRF_0078_0673870805_259EBY_N0032430SCAM02078_0050I6J,"NASA's Mars Perseverance rover acquired this image using the SuperCam Remote Micro-Imager, located at the top of the rover's mast. 

This image was acquired on May. 9, 2021 (Sol 78) at the local mean solar time of 14:06:54.",Full,Sol-00078M14:06:54.404,NASA/JPL-Caltech/LANL/CNES/IRAP,2021-05-09T22:22:30.210,https://mars.nasa.gov/rss/api/?feed=raw_images&category=mars2020&feedtype=json&id=LRF_0078_0673870805_259EBY_N0032430SCAM02078_0050I6J,https://mars.nasa.gov/mars2020/multimedia/raw-images/?id=LRF_0078_0673870805_259EBY_N0032430SCAM02078_0050I6J,2430,Mars Perseverance Sol 78: SuperCam Camera,3,2021-05-10T02:26:01Z,345.584,-55.1691,673870805.412,UNK,"(-30.546,99.9637,0.788912)","(1,1,2048,2048)","(2048,2048)",https://mars.nasa.gov/mars2020-raw-images/pub/ods/surface/sol/00078/ids/edr/browse/scam/LRF_0078_0673870805_259EBY_N0032430SCAM02078_0050I6J01_800.jpg,https://mars.nasa.gov/mars2020-raw-images/pub/ods/surface/sol/00078/ids/edr/browse/scam/LRF_0078_0673870805_259EBY_N0032430SCAM02078_0050I6J01_320.jpg,https://mars.nasa.gov/mars2020-raw-images/pub/ods/surface/sol/00078/ids/edr/browse/scam/LRF_0078_0673870805_259EBY_N0032430SCAM02078_0050I6J01.png,https://mars.nasa.gov/mars2020-raw-images/pub/ods/surface/sol/00078/ids/edr/browse/scam/LRF_0078_0673870805_259EBY_N0032430SCAM02078_0050I6J01_1200.jpg,UNK,UNK,"(0.852081,0.431711,-2.18632);(0.907367,0.218036,0.359392);(20576.1,78201.8,157.371);(-63218.0,16018.3,45855.4)","(0.852081,0.431711,-2.18632)",SUPERCAM_RMI,CAHV
78,"(0.206523,-0.0123667,0.018816,0.978183)",LRE_0078_0673870160_222ECM_N0032430SCAM02078_0010I6J,"NASA's Mars Perseverance rover acquired this image using the SuperCam Remote Micro-Imager, located at the top of the rover's mast. 

This image was acquired on May. 9, 2021 (Sol 78) at the local mean solar time of 13:56:26.",Full,Sol-00078M13:56:26.601,NASA/JPL-Caltech/LANL/CNES/IRAP,2021-05-09T22:11:45.149,https://mars.nasa.gov/rss/api/?feed=raw_images&category=mars2020&feedtype=json&id=LRE_0078_0673870160_222ECM_N0032430SCAM02078_0010I6J,https://mars.nasa.gov/mars2020/multimedia/raw-images/?id=LRE_0078_0673870160_222ECM_N0032430SCAM02078_0010I6J,2430,Mars Perseverance Sol 78: SuperCam Camera,3,2021-05-10T02:26:01Z,346.053,-55.1695,673870160.356,UNK,"(-30.546,99.9637,0.788912)","(1,1,2048,2048)","(2048,2048)",https://mars.nasa.gov/mars2020-raw-images/pub/ods/surface/sol/00078/ids/edr/browse/scam/LRE_0078_0673870160_222ECM_N0032430SCAM02078_0010I6J01_800.jpg,https://mars.nasa.gov/mars2020-raw-images/pub/ods/surface/sol/00078/ids/edr/browse/scam/LRE_0078_0673870160_222ECM_N0032430SCAM02078_0010I6J01_320.jpg,https://mars.nasa.gov/mars2020-raw-images/pub/ods/surface/sol/00078/ids/edr/browse/scam/LRE_0078_0673870160_222ECM_N0032430SCAM02078_0010I6J01.png,https://mars.nasa.gov/mars2020-raw-images/pub/ods/surface/sol/00078/ids/edr/browse/scam/LRE_0078_0673870160_222ECM_N0032430SCAM02078_0010I6J01_1200.jpg,UNK,UNK,"(0.853125,0.432097,-2.18631);(0.905553,0.225445,0.359395);(19936.5,78367.3,156.685);(-63347.0,15501.7,45854.9)","(0.853125,0.432097,-2.18631)",SUPERCAM_RMI,CAHV
78,"(0.206523,-0.0123667,0.018816,0.978183)",LRF_0078_0673870160_222EBY_N0032430SCAM02078_0010I6J,"NASA's Mars Perseverance rover acquired this image using the SuperCam Remote Micro-Imager, located at the top of the rover's mast. 

This image was acquired on May. 9, 2021 (Sol 78) at the local mean solar time of 13:56:26.",Full,Sol-00078M13:56:26.601,NASA/JPL-Caltech/LANL/CNES/IRAP,2021-05-09T22:11:45.149,https://mars.nasa.gov/rss/api/?feed=raw_images&category=mars2020&feedtype=json&id=LRF_0078_0673870160_222EBY_N0032430SCAM02078_0010I6J,https://mars.nasa.gov/mars2020/multimedia/raw-images/?id=LRF_0078_0673870160_222EBY_N0032430SCAM02078_0010I6J,2430,Mars Perseverance Sol 78: SuperCam Camera,3,2021-05-10T02:26:01Z,346.053,-55.1695,673870160.356,UNK,"(-30.546,99.9637,0.788912)","(1,1,2048,2048)","(2048,2048)",https://mars.nasa.gov/mars2020-raw-images/pub/ods/surface/sol/00078/ids/edr/browse/scam/LRF_0078_0673870160_222EBY_N0032430SCAM02078_0010I6J01_800.jpg,https://mars.nasa.gov/mars2020-raw-images/pub/ods/surface/sol/00078/ids/edr/browse/scam/LRF_0078_0673870160_222EBY_N0032430SCAM02078_0010I6J01_320.jpg,https://mars.nasa.gov/mars2020-raw-images/pub/ods/surface/sol/00078/ids/edr/browse/scam/LRF_0078_0673870160_222EBY_N0032430SCAM02078_0010I6J01.png,https://mars.nasa.gov/mars2020-raw-images/pub/ods/surface/sol/00078/ids/edr/browse/scam/LRF_0078_0673870160_222EBY_N0032430SCAM02078_0010I6J01_1200.jpg,UNK,UNK,"(0.853125,0.432097,-2.18631);(0.905553,0.225445,0.359395);(19936.5,78367.3,156.685);(-63347.0,15501.7,45854.9)","(0.853125,0.432097,-2.18631)",SUPERCAM_RMI,CAHV
78,"(0.206523,-0.0123667,0.018816,0.978183)",LRE_0078_0673869819_233ECM_N0032430SCAM01078_0050I6J,"NASA's Mars Perseverance rover acquired this image using the SuperCam Remote Micro-Imager, located at the top of the rover's mast. 

This image was acquired on May. 9, 2021 (Sol 78) at the local mean solar time of 13:50:54.",Full,Sol-00078M13:50:54.740,NASA/JPL-Caltech/LANL/CNES/IRAP,2021-05-09T22:06:04.164,https://mars.nasa.gov/rss/api/?feed=raw_images&category=mars2020&feedtype=json&id=LRE_0078_0673869819_233ECM_N0032430SCAM01078_0050I6J,https://mars.nasa.gov/mars2020/multimedia/raw-images/?id=LRE_0078_0673869819_233ECM_N0032430SCAM01078_0050I6J,2430,Mars Perseverance Sol 78: SuperCam Camera,3,2021-05-10T02:26:01Z,338.121,-3.04942,673869819.374,UNK,"(-30.546,99.9637,0.788912)","(1,1,2048,2048)","(2048,2048)",https://mars.nasa.gov/mars2020-raw-images/pub/ods/surface/sol/00078/ids/edr/browse/scam/LRE_0078_0673869819_233ECM_N0032430SCAM01078_0050I6J01_800.jpg,https://mars.nasa.gov/mars2020-raw-images/pub/ods/surface/sol/00078/ids/edr/browse/scam/LRE_0078_0673869819_233ECM_N0032430SCAM01078_0050I6J01_320.jpg,https://mars.nasa.gov/mars2020-raw-images/pub/ods/surface/sol/00078/ids/edr/browse/scam/LRE_0078_0673869819_233ECM_N0032430SCAM01078_0050I6J01.png,https://mars.nasa.gov/mars2020-raw-images/pub/ods/surface/sol/00078/ids/edr/browse/scam/LRE_0078_0673869819_233ECM_N0032430SCAM01078_0050I6J01_1200.jpg,UNK,UNK,"(0.611413,0.515968,-2.14395);(0.895555,0.110216,-0.431104);(30518.3,74882.3,-448.447);(-3588.71,1393.26,79630.4)","(0.611413,0.515968,-2.14395)",SUPERCAM_RMI,CAHV
78,"(0.206523,-0.0123667,0.018816,0.978183)",LRF_0078_0673869819_233EBY_N0032430SCAM01078_0050I6J,"NASA's Mars Perseverance rover acquired this image using the SuperCam Remote Micro-Imager, located at the top of the rover's mast. 

This image was acquired on May. 9, 2021 (Sol 78) at the local mean solar time of 13:50:54.",Full,Sol-00078M13:50:54.740,NASA/JPL-Caltech/LANL/CNES/IRAP,2021-05-09T22:06:04.164,https://mars.nasa.gov/rss/api/?feed=raw_images&category=mars2020&feedtype=json&id=LRF_0078_0673869819_233EBY_N0032430SCAM01078_0050I6J,https://mars.nasa.gov/mars2020/multimedia/raw-images/?id=LRF_0078_0673869819_233EBY_N0032430SCAM01078_0050I6J,2430,Mars Perseverance Sol 78: SuperCam Camera,3,2021-05-10T02:26:01Z,338.121,-3.04942,673869819.374,UNK,"(-30.546,99.9637,0.788912)","(1,1,2048,2048)","(2048,2048)",https://mars.nasa.gov/mars2020-raw-images/pub/ods/surface/sol/00078/ids/edr/browse/scam/LRF_0078_0673869819_233EBY_N0032430SCAM01078_0050I6J01_800.jpg,https://mars.nasa.gov/mars2020-raw-images/pub/ods/surface/sol/00078/ids/edr/browse/scam/LRF_0078_0673869819_233EBY_N0032430SCAM01078_0050I6J01_320.jpg,https://mars.nasa.gov/mars2020-raw-images/pub/ods/surface/sol/00078/ids/edr/browse/scam/LRF_0078_0673869819_233EBY_N0032430SCAM01078_0050I6J01.png,https://mars.nasa.gov/mars2020-raw-images/pub/ods/surface/sol/00078/ids/edr/browse/scam/LRF_0078_0673869819_233EBY_N0032430SCAM01078_0050I6J01_1200.jpg,UNK,UNK,"(0.611413,0.515968,-2.14395);(0.895555,0.110216,-0.431104);(30518.3,74882.3,-448.447);(-3588.71,1393.26,79630.4)","(0.611413,0.515968,-2.14395)",SUPERCAM_RMI,CAHV
78,"(0.206523,-0.0123667,0.018816,0.978183)",LRE_0078_0673869100_203ECM_N0032430SCAM01078_0010I6J,"NASA's Mars Perseverance rover acquired this image using the SuperCam Remote Micro-Imager, located at the top of the rover's mast. 

This image was acquired on May. 9, 2021 (Sol 78) at the local mean solar time of 13:39:14.",Full,Sol-00078M13:39:14.927,NASA/JPL-Caltech/LANL/CNES/IRAP,2021-05-09T21:54:05.111,https://mars.nasa.gov/rss/api/?feed=raw_images&category=mars2020&feedtype=json&id=LRE_0078_0673869100_203ECM_N0032430SCAM01078_0010I6J,https://mars.nasa.gov/mars2020/multimedia/raw-images/?id=LRE_0078_0673869100_203ECM_N0032430SCAM01078_0010I6J,2430,Mars Perseverance Sol 78: SuperCam Camera,3,2021-05-10T02:26:01Z,337.67,-3.04894,673869100.327,UNK,"(-30.546,99.9637,0.788912)","(1,1,2048,2048)","(2048,2048)",https://mars.nasa.gov/mars2020-raw-images/pub/ods/surface/sol/00078/ids/edr/browse/scam/LRE_0078_0673869100_203ECM_N0032430SCAM01078_0010I6J01_800.jpg,https://mars.nasa.gov/mars2020-raw-images/pub/ods/surface/sol/00078/ids/edr/browse/scam/LRE_0078_0673869100_203ECM_N0032430SCAM01078_0010I6J01_320.jpg,https://mars.nasa.gov/mars2020-raw-images/pub/ods/surface/sol/00078/ids/edr/browse/scam/LRE_0078_0673869100_203ECM_N0032430SCAM01078_0010I6J01.png,https://mars.nasa.gov/mars2020-raw-images/pub/ods/surface/sol/00078/ids/edr/browse/scam/LRE_0078_0673869100_203ECM_N0032430SCAM01078_0010I6J01_1200.jpg,UNK,UNK,"(0.611075,0.517499,-2.14395);(0.896395,0.103151,-0.431107);(31108.2,74639.2,-447.872);(-3577.21,1420.75,79630.4)","(0.611075,0.517499,-2.14395)",SUPERCAM_RMI,CAHV
78,"(0.206523,-0.0123667,0.018816,0.978183)",LRF_0078_0673869100_203EBY_N0032430SCAM01078_0010I6J,"NASA's Mars Perseverance rover acquired this image using the SuperCam Remote Micro-Imager, located at the top of the rover's mast. 

This image was acquired on May. 9, 2021 (Sol 78) at the local mean solar time of 13:39:14.",Full,Sol-00078M13:39:14.927,NASA/JPL-Caltech/LANL/CNES/IRAP,2021-05-09T21:54:05.111,https://mars.nasa.gov/rss/api/?feed=raw_images&category=mars2020&feedtype=json&id=LRF_0078_0673869100_203EBY_N0032430SCAM01078_0010I6J,https://mars.nasa.gov/mars2020/multimedia/raw-images/?id=LRF_0078_0673869100_203EBY_N0032430SCAM01078_0010I6J,2430,Mars Perseverance Sol 78: SuperCam Camera,3,2021-05-10T02:26:01Z,337.67,-3.04894,673869100.327,UNK,"(-30.546,99.9637,0.788912)","(1,1,2048,2048)","(2048,2048)",https://mars.nasa.gov/mars2020-raw-images/pub/ods/surface/sol/00078/ids/edr/browse/scam/LRF_0078_0673869100_203EBY_N0032430SCAM01078_0010I6J01_800.jpg,https://mars.nasa.gov/mars2020-raw-images/pub/ods/surface/sol/00078/ids/edr/browse/scam/LRF_0078_0673869100_203EBY_N0032430SCAM01078_0010I6J01_320.jpg,https://mars.nasa.gov/mars2020-raw-images/pub/ods/surface/sol/00078/ids/edr/browse/scam/LRF_0078_0673869100_203EBY_N0032430SCAM01078_0010I6J01.png,https://mars.nasa.gov/mars2020-raw-images/pub/ods/surface/sol/00078/ids/edr/browse/scam/LRF_0078_0673869100_203EBY_N0032430SCAM01078_0010I6J01_1200.jpg,UNK,UNK,"(0.611075,0.517499,-2.14395);(0.896395,0.103151,-0.431107);(31108.2,74639.2,-447.872);(-3577.21,1420.75,79630.4)","(0.611075,0.517499,-2.14395)",SUPERCAM_RMI,CAHV
78,"(0.206523,-0.0123667,0.018816,0.978183)",NLF_0078_0673867503_130ECM_N0032430NCAM00500_01_295J,"NASA's Mars Perseverance rover acquired this image using its onboard Left Navigation Camera (Navcam). The camera is located high on the rover's mast and aids in driving. 

This image was acquired on May. 9, 2021 (Sol 78) at the local mean solar time of 13:13:34.",Full,Sol-00078M13:13:34.093,NASA/JPL-Caltech,2021-05-09T21:27:28.838,https://mars.nasa.gov/rss/api/?feed=raw_images&category=mars2020&feedtype=json&id=NLF_0078_0673867503_130ECM_N0032430NCAM00500_01_295J,https://mars.nasa.gov/mars2020/multimedia/raw-images/?id=NLF_0078_0673867503_130ECM_N0032430NCAM00500_01_295J,2430,Mars Perseverance Sol 78: Left Navigation Camera (Navcam),3,2021-05-10T04:49:22Z,131.853,-0.426135,673867504.066,4,"(-30.546,99.9637,0.788912)","(1,1441,5120,960)","(1280,240)",https://mars.nasa.gov/mars2020-raw-images/pub/ods/surface/sol/00078/ids/edr/browse/ncam/NLF_0078_0673867503_130ECM_N0032430NCAM00500_01_295J01_800.jpg,https://mars.nasa.gov/mars2020-raw-images/pub/ods/surface/sol/00078/ids/edr/browse/ncam/NLF_0078_0673867503_130ECM_N0032430NCAM00500_01_295J01_320.jpg,https://mars.nasa.gov/mars2020-raw-images/pub/ods/surface/sol/00078/ids/edr/browse/ncam/NLF_0078_0673867503_130ECM_N0032430NCAM00500_01_295J01.png,https://mars.nasa.gov/mars2020-raw-images/pub/ods/surface/sol/00078/ids/edr/browse/ncam/NLF_0078_0673867503_130ECM_N0032430NCAM00500_01_295J01_1200.jpg,UNK,"(-0.6677071305130148,0.7443798996735664,0.008108811506463507)","(0.875735,0.799756,-1.97509);(-0.676243,0.736531,0.0152514);(-983.445,-22.5268,7.49064);(-78.7782,82.455,741.313);(-0.67729,0.735566,0.0153672);(2e-06,0.049535,-0.015973);(-0.003612,0.013016,-0.023961);2.0;0.0","(0.875735,0.799756,-1.97509)",NAVCAM_LEFT,CAHVORE
78,"(0.206523,-0.0123667,0.018816,0.978183)",NLF_0078_0673867489_130ECM_N0032430NCAM00500_01_295J,"NASA's Mars Perseverance rover acquired this image using its onboard Left Navigation Camera (Navcam). The camera is located high on the rover's mast and aids in driving. 

This image was acquired on May. 9, 2021 (Sol 78) at the local mean solar time of 13:13:20.",Full,Sol-00078M13:13:20.468,NASA/JPL-Caltech,2021-05-09T21:27:14.838,https://mars.nasa.gov/rss/api/?feed=raw_images&category=mars2020&feedtype=json&id=NLF_0078_0673867489_130ECM_N0032430NCAM00500_01_295J,https://mars.nasa.gov/mars2020/multimedia/raw-images/?id=NLF_0078_0673867489_130ECM_N0032430NCAM00500_01_295J,2430,Mars Perseverance Sol 78: Left Navigation Camera (Navcam),3,2021-05-10T04:49:22Z,131.853,-0.426135,673867490.066,4,"(-30.546,99.9637,0.788912)","(1,1441,5120,960)","(1280,240)",https://mars.nasa.gov/mars2020-raw-images/pub/ods/surface/sol/00078/ids/edr/browse/ncam/NLF_0078_0673867489_130ECM_N0032430NCAM00500_01_295J01_800.jpg,https://mars.nasa.gov/mars2020-raw-images/pub/ods/surface/sol/00078/ids/edr/browse/ncam/NLF_0078_0673867489_130ECM_N0032430NCAM00500_01_295J01_320.jpg,https://mars.nasa.gov/mars2020-raw-images/pub/ods/surface/sol/00078/ids/edr/browse/ncam/NLF_0078_0673867489_130ECM_N0032430NCAM00500_01_295J01.png,https://mars.nasa.gov/mars2020-raw-images/pub/ods/surface/sol/00078/ids/edr/browse/ncam/NLF_0078_0673867489_130ECM_N0032430NCAM00500_01_295J01_1200.jpg,UNK,"(-0.6677071305130148,0.7443798996735664,0.008108811506463507)","(0.875735,0.799756,-1.97509);(-0.676243,0.736531,0.0152514);(-983.445,-22.5268,7.49064);(-78.7782,82.455,741.313);(-0.67729,0.735566,0.0153672);(2e-06,0.049535,-0.015973);(-0.003612,0.013016,-0.023961);2.0;0.0","(0.875735,0.799756,-1.97509)",NAVCAM_LEFT,CAHVORE
78,"(0.206523,-0.0123667,0.018816,0.978183)",NLF_0078_0673867474_739ECM_N0032430NCAM00500_01_295J,"NASA's Mars Perseverance rover acquired this image using its onboard Left Navigation Camera (Navcam). The camera is located high on the rover's mast and aids in driving. 

This image was acquired on May. 9, 2021 (Sol 78) at the local mean solar time of 13:13:06.",Full,Sol-00078M13:13:06.461,NASA/JPL-Caltech,2021-05-09T21:27:00.458,https://mars.nasa.gov/rss/api/?feed=raw_images&category=mars2020&feedtype=json&id=NLF_0078_0673867474_739ECM_N0032430NCAM00500_01_295J,https://mars.nasa.gov/mars2020/multimedia/raw-images/?id=NLF_0078_0673867474_739ECM_N0032430NCAM00500_01_295J,2430,Mars Perseverance Sol 78: Left Navigation Camera (Navcam),3,2021-05-10T04:49:22Z,131.853,-0.426135,673867475.686,4,"(-30.546,99.9637,0.788912)","(1,1441,5120,960)","(1280,240)",https://mars.nasa.gov/mars2020-raw-images/pub/ods/surface/sol/00078/ids/edr/browse/ncam/NLF_0078_0673867474_739ECM_N0032430NCAM00500_01_295J01_800.jpg,https://mars.nasa.gov/mars2020-raw-images/pub/ods/surface/sol/00078/ids/edr/browse/ncam/NLF_0078_0673867474_739ECM_N0032430NCAM00500_01_295J01_320.jpg,https://mars.nasa.gov/mars2020-raw-images/pub/ods/surface/sol/00078/ids/edr/browse/ncam/NLF_0078_0673867474_739ECM_N0032430NCAM00500_01_295J01.png,https://mars.nasa.gov/mars2020-raw-images/pub/ods/surface/sol/00078/ids/edr/browse/ncam/NLF_0078_0673867474_739ECM_N0032430NCAM00500_01_295J01_1200.jpg,UNK,"(-0.6677071305130148,0.7443798996735664,0.008108811506463507)","(0.875735,0.799756,-1.97509);(-0.676243,0.736531,0.0152514);(-983.445,-22.5268,7.49064);(-78.7782,82.455,741.313);(-0.67729,0.735566,0.0153672);(2e-06,0.049535,-0.015973);(-0.003612,0.013016,-0.023961);2.0;0.0","(0.875735,0.799756,-1.97509)",NAVCAM_LEFT,CAHVORE
78,"(0.206523,-0.0123667,0.018816,0.978183)",NLF_0078_0673867433_130ECM_N0032430NCAM00500_01_295J,"NASA's Mars Perseverance rover acquired this image using its onboard Left Navigation Camera (Navcam). The camera is located high on the rover's mast and aids in driving. 

This image was acquired on May. 9, 2021 (Sol 78) at the local mean solar time of 13:12:25.",Full,Sol-00078M13:12:25.965,NASA/JPL-Caltech,2021-05-09T21:26:18.904,https://mars.nasa.gov/rss/api/?feed=raw_images&category=mars2020&feedtype=json&id=NLF_0078_0673867433_130ECM_N0032430NCAM00500_01_295J,https://mars.nasa.gov/mars2020/multimedia/raw-images/?id=NLF_0078_0673867433_130ECM_N0032430NCAM00500_01_295J,2430,Mars Perseverance Sol 78: Left Navigation Camera (Navcam),3,2021-05-10T04:49:22Z,59.9581,-2.56916,673867434.133,4,"(-30.546,99.9637,0.788912)","(1,1441,5120,960)","(1280,240)",https://mars.nasa.gov/mars2020-raw-images/pub/ods/surface/sol/00078/ids/edr/browse/ncam/NLF_0078_0673867433_130ECM_N0032430NCAM00500_01_295J01_800.jpg,https://mars.nasa.gov/mars2020-raw-images/pub/ods/surface/sol/00078/ids/edr/browse/ncam/NLF_0078_0673867433_130ECM_N0032430NCAM00500_01_295J01_320.jpg,https://mars.nasa.gov/mars2020-raw-images/pub/ods/surface/sol/00078/ids/edr/browse/ncam/NLF_0078_0673867433_130ECM_N0032430NCAM00500_01_295J01.png,https://mars.nasa.gov/mars2020-raw-images/pub/ods/surface/sol/00078/ids/edr/browse/ncam/NLF_0078_0673867433_130ECM_N0032430NCAM00500_01_295J01_1200.jpg,UNK,"(0.4995244657163929,0.8651042990161905,0.04549571380314483)","(1.05634,0.568625,-1.97031);(0.489284,0.870543,0.052638);(-327.405,927.095,32.0535);(40.5392,76.1092,745.06);(0.488039,0.871235,0.0527543);(2e-06,0.049535,-0.015973);(-0.003612,0.013016,-0.023961);2.0;0.0","(1.05634,0.568625,-1.97031)",NAVCAM_LEFT,CAHVORE
78,"(0.206523,-0.0123667,0.018816,0.978183)",NLF_0078_0673867419_130ECM_N0032430NCAM00500_01_295J,"NASA's Mars Perseverance rover acquired this image using its onboard Left Navigation Camera (Navcam). The camera is located high on the rover's mast and aids in driving. 

This image was acquired on May. 9, 2021 (Sol 78) at the local mean solar time of 13:12:12.",Full,Sol-00078M13:12:12.340,NASA/JPL-Caltech,2021-05-09T21:26:04.904,https://mars.nasa.gov/rss/api/?feed=raw_images&category=mars2020&feedtype=json&id=NLF_0078_0673867419_130ECM_N0032430NCAM00500_01_295J,https://mars.nasa.gov/mars2020/multimedia/raw-images/?id=NLF_0078_0673867419_130ECM_N0032430NCAM00500_01_295J,2430,Mars Perseverance Sol 78: Left Navigation Camera (Navcam),3,2021-05-10T04:55:08Z,59.9581,-2.56916,673867420.133,4,"(-30.546,99.9637,0.788912)","(1,1441,5120,960)","(1280,240)",https://mars.nasa.gov/mars2020-raw-images/pub/ods/surface/sol/00078/ids/edr/browse/ncam/NLF_0078_0673867419_130ECM_N0032430NCAM00500_01_295J01_800.jpg,https://mars.nasa.gov/mars2020-raw-images/pub/ods/surface/sol/00078/ids/edr/browse/ncam/NLF_0078_0673867419_130ECM_N0032430NCAM00500_01_295J01_320.jpg,https://mars.nasa.gov/mars2020-raw-images/pub/ods/surface/sol/00078/ids/edr/browse/ncam/NLF_0078_0673867419_130ECM_N0032430NCAM00500_01_295J01.png,https://mars.nasa.gov/mars2020-raw-images/pub/ods/surface/sol/00078/ids/edr/browse/ncam/NLF_0078_0673867419_130ECM_N0032430NCAM00500_01_295J01_1200.jpg,UNK,"(0.4995244657163929,0.8651042990161905,0.04549571380314483)","(1.05634,0.568625,-1.97031);(0.489284,0.870543,0.052638);(-327.405,927.095,32.0535);(40.5392,76.1092,745.06);(0.488039,0.871235,0.0527543);(2e-06,0.049535,-0.015973);(-0.003612,0.013016,-0.023961);2.0;0.0","(1.05634,0.568625,-1.97031)",NAVCAM_LEFT,CAHVORE
78,"(0.206523,-0.0123667,0.018816,0.978183)",NLF_0078_0673867404_943ECM_N0032430NCAM00500_01_295J,"NASA's Mars Perseverance rover acquired this image using its onboard Left Navigation Camera (Navcam). The camera is located high on the rover's mast and aids in driving. 

This image was acquired on May. 9, 2021 (Sol 78) at the local mean solar time of 13:11:58.",Full,Sol-00078M13:11:58.532,NASA/JPL-Caltech,2021-05-09T21:25:50.762,https://mars.nasa.gov/rss/api/?feed=raw_images&category=mars2020&feedtype=json&id=NLF_0078_0673867404_943ECM_N0032430NCAM00500_01_295J,https://mars.nasa.gov/mars2020/multimedia/raw-images/?id=NLF_0078_0673867404_943ECM_N0032430NCAM00500_01_295J,2430,Mars Perseverance Sol 78: Left Navigation Camera (Navcam),3,2021-05-10T04:49:22Z,59.9581,-2.56916,673867405.991,4,"(-30.546,99.9637,0.788912)","(1,1441,5120,960)","(1280,240)",https://mars.nasa.gov/mars2020-raw-images/pub/ods/surface/sol/00078/ids/edr/browse/ncam/NLF_0078_0673867404_943ECM_N0032430NCAM00500_01_295J01_800.jpg,https://mars.nasa.gov/mars2020-raw-images/pub/ods/surface/sol/00078/ids/edr/browse/ncam/NLF_0078_0673867404_943ECM_N0032430NCAM00500_01_295J01_320.jpg,https://mars.nasa.gov/mars2020-raw-images/pub/ods/surface/sol/00078/ids/edr/browse/ncam/NLF_0078_0673867404_943ECM_N0032430NCAM00500_01_295J01.png,https://mars.nasa.gov/mars2020-raw-images/pub/ods/surface/sol/00078/ids/edr/browse/ncam/NLF_0078_0673867404_943ECM_N0032430NCAM00500_01_295J01_1200.jpg,UNK,"(0.4995244657163929,0.8651042990161905,0.04549571380314483)","(1.05634,0.568625,-1.97031);(0.489284,0.870543,0.052638);(-327.405,927.095,32.0535);(40.5392,76.1092,745.06);(0.488039,0.871235,0.0527543);(2e-06,0.049535,-0.015973);(-0.003612,0.013016,-0.023961);2.0;0.0","(1.05634,0.568625,-1.97031)",NAVCAM_LEFT,CAHVORE
78,"(0.206523,-0.0123667,0.018816,0.978183)",NLF_0078_0673867361_972ECM_N0032430NCAM00500_01_295J,"NASA's Mars Perseverance rover acquired this image using its onboard Left Navigation Camera (Navcam). The camera is located high on the rover's mast and aids in driving. 

This image was acquired on May. 9, 2021 (Sol 78) at the local mean solar time of 13:11:16.",Full,Sol-00078M13:11:16.710,NASA/JPL-Caltech,2021-05-09T21:25:07.791,https://mars.nasa.gov/rss/api/?feed=raw_images&category=mars2020&feedtype=json&id=NLF_0078_0673867361_972ECM_N0032430NCAM00500_01_295J,https://mars.nasa.gov/mars2020/multimedia/raw-images/?id=NLF_0078_0673867361_972ECM_N0032430NCAM00500_01_295J,2430,Mars Perseverance Sol 78: Left Navigation Camera (Navcam),3,2021-05-10T04:49:22Z,347.934,-5.1714,673867363.020,4,"(-30.546,99.9637,0.788912)","(1,1441,5120,960)","(1280,240)",https://mars.nasa.gov/mars2020-raw-images/pub/ods/surface/sol/00078/ids/edr/browse/ncam/NLF_0078_0673867361_972ECM_N0032430NCAM00500_01_295J01_800.jpg,https://mars.nasa.gov/mars2020-raw-images/pub/ods/surface/sol/00078/ids/edr/browse/ncam/NLF_0078_0673867361_972ECM_N0032430NCAM00500_01_295J01_320.jpg,https://mars.nasa.gov/mars2020-raw-images/pub/ods/surface/sol/00078/ids/edr/browse/ncam/NLF_0078_0673867361_972ECM_N0032430NCAM00500_01_295J01.png,https://mars.nasa.gov/mars2020-raw-images/pub/ods/surface/sol/00078/ids/edr/browse/ncam/NLF_0078_0673867361_972ECM_N0032430NCAM00500_01_295J01_1200.jpg,UNK,"(0.9740078183376687,-0.20751499906708962,0.09080911286473917)","(0.893479,0.322821,-1.96461);(0.975699,-0.196042,0.0979481);(778.6,597.998,62.5099);(51.4249,-9.43215,748.209);(0.975967,-0.194643,0.098066);(2e-06,0.049535,-0.015973);(-0.003612,0.013016,-0.023961);2.0;0.0","(0.893479,0.322821,-1.96461)",NAVCAM_LEFT,CAHVORE
78,"(0.206523,-0.0123667,0.018816,0.978183)",NLF_0078_0673867345_550ECM_N0032430NCAM00500_01_295J,"NASA's Mars Perseverance rover acquired this image using its onboard Left Navigation Camera (Navcam). The camera is located high on the rover's mast and aids in driving. 

This image was acquired on May. 9, 2021 (Sol 78) at the local mean solar time of 13:11:00.",Full,Sol-00078M13:11:00.728,NASA/JPL-Caltech,2021-05-09T21:24:51.370,https://mars.nasa.gov/rss/api/?feed=raw_images&category=mars2020&feedtype=json&id=NLF_0078_0673867345_550ECM_N0032430NCAM00500_01_295J,https://mars.nasa.gov/mars2020/multimedia/raw-images/?id=NLF_0078_0673867345_550ECM_N0032430NCAM00500_01_295J,2430,Mars Perseverance Sol 78: Left Navigation Camera (Navcam),3,2021-05-10T04:49:22Z,347.934,-5.1714,673867346.599,4,"(-30.546,99.9637,0.788912)","(1,1441,5120,960)","(1280,240)",https://mars.nasa.gov/mars2020-raw-images/pub/ods/surface/sol/00078/ids/edr/browse/ncam/NLF_0078_0673867345_550ECM_N0032430NCAM00500_01_295J01_800.jpg,https://mars.nasa.gov/mars2020-raw-images/pub/ods/surface/sol/00078/ids/edr/browse/ncam/NLF_0078_0673867345_550ECM_N0032430NCAM00500_01_295J01_320.jpg,https://mars.nasa.gov/mars2020-raw-images/pub/ods/surface/sol/00078/ids/edr/browse/ncam/NLF_0078_0673867345_550ECM_N0032430NCAM00500_01_295J01.png,https://mars.nasa.gov/mars2020-raw-images/pub/ods/surface/sol/00078/ids/edr/browse/ncam/NLF_0078_0673867345_550ECM_N0032430NCAM00500_01_295J01_1200.jpg,UNK,"(0.9740078183376687,-0.20751499906708962,0.09080911286473917)","(0.893479,0.322821,-1.96461);(0.975699,-0.196042,0.0979481);(778.6,597.998,62.5099);(51.4249,-9.43215,748.209);(0.975967,-0.194643,0.098066);(2e-06,0.049535,-0.015973);(-0.003612,0.013016,-0.023961);2.0;0.0","(0.893479,0.322821,-1.96461)",NAVCAM_LEFT,CAHVORE
78,"(0.206523,-0.0123667,0.018816,0.978183)",NLF_0078_0673867331_022ECM_N0032430NCAM00500_01_295J,"NASA's Mars Perseverance rover acquired this image using its onboard Left Navigation Camera (Navcam). The camera is located high on the rover's mast and aids in driving. 

This image was acquired on May. 9, 2021 (Sol 78) at the local mean solar time of 13:10:46.",Full,Sol-00078M13:10:46.589,NASA/JPL-Caltech,2021-05-09T21:24:36.872,https://mars.nasa.gov/rss/api/?feed=raw_images&category=mars2020&feedtype=json&id=NLF_0078_0673867331_022ECM_N0032430NCAM00500_01_295J,https://mars.nasa.gov/mars2020/multimedia/raw-images/?id=NLF_0078_0673867331_022ECM_N0032430NCAM00500_01_295J,2430,Mars Perseverance Sol 78: Left Navigation Camera (Navcam),3,2021-05-10T04:49:22Z,347.934,-5.1714,673867332.102,4,"(-30.546,99.9637,0.788912)","(1,1441,5120,960)","(1280,240)",https://mars.nasa.gov/mars2020-raw-images/pub/ods/surface/sol/00078/ids/edr/browse/ncam/NLF_0078_0673867331_022ECM_N0032430NCAM00500_01_295J01_800.jpg,https://mars.nasa.gov/mars2020-raw-images/pub/ods/surface/sol/00078/ids/edr/browse/ncam/NLF_0078_0673867331_022ECM_N0032430NCAM00500_01_295J01_320.jpg,https://mars.nasa.gov/mars2020-raw-images/pub/ods/surface/sol/00078/ids/edr/browse/ncam/NLF_0078_0673867331_022ECM_N0032430NCAM00500_01_295J01.png,https://mars.nasa.gov/mars2020-raw-images/pub/ods/surface/sol/00078/ids/edr/browse/ncam/NLF_0078_0673867331_022ECM_N0032430NCAM00500_01_295J01_1200.jpg,UNK,"(0.9740078183376687,-0.20751499906708962,0.09080911286473917)","(0.893479,0.322821,-1.96461);(0.975699,-0.196042,0.0979481);(778.6,597.998,62.5099);(51.4249,-9.43215,748.209);(0.975967,-0.194643,0.098066);(2e-06,0.049535,-0.015973);(-0.003612,0.013016,-0.023961);2.0;0.0","(0.893479,0.322821,-1.96461)",NAVCAM_LEFT,CAHVORE
78,"(0.206523,-0.0123667,0.018816,0.978183)",NLF_0078_0673867293_131ECM_N0032430NCAM00500_01_295J,"NASA's Mars Perseverance rover acquired this image using its onboard Left Navigation Camera (Navcam). The camera is located high on the rover's mast and aids in driving. 

This image was acquired on May. 9, 2021 (Sol 78) at the local mean solar time of 13:10:09.",Full,Sol-00078M13:10:09.711,NASA/JPL-Caltech,2021-05-09T21:23:58.981,https://mars.nasa.gov/rss/api/?feed=raw_images&category=mars2020&feedtype=json&id=NLF_0078_0673867293_131ECM_N0032430NCAM00500_01_295J,https://mars.nasa.gov/mars2020/multimedia/raw-images/?id=NLF_0078_0673867293_131ECM_N0032430NCAM00500_01_295J,2430,Mars Perseverance Sol 78: Left Navigation Camera (Navcam),3,2021-05-10T04:49:22Z,275.546,-4.76971,673867294.211,4,"(-30.546,99.9637,0.788912)","(1,1441,5120,960)","(1280,240)",https://mars.nasa.gov/mars2020-raw-images/pub/ods/surface/sol/00078/ids/edr/browse/ncam/NLF_0078_0673867293_131ECM_N0032430NCAM00500_01_295J01_800.jpg,https://mars.nasa.gov/mars2020-raw-images/pub/ods/surface/sol/00078/ids/edr/browse/ncam/NLF_0078_0673867293_131ECM_N0032430NCAM00500_01_295J01_320.jpg,https://mars.nasa.gov/mars2020-raw-images/pub/ods/surface/sol/00078/ids/edr/browse/ncam/NLF_0078_0673867293_131ECM_N0032430NCAM00500_01_295J01.png,https://mars.nasa.gov/mars2020-raw-images/pub/ods/surface/sol/00078/ids/edr/browse/ncam/NLF_0078_0673867293_131ECM_N0032430NCAM00500_01_295J01_1200.jpg,UNK,"(0.09697880068345445,-0.9917504386567438,0.08382230993091845)","(0.606208,0.4038,-1.96564);(0.108429,-0.989941,0.0909705);(805.588,-561.565,58.3182);(6.80626,-57.1166,747.824);(0.109843,-0.989774,0.0910891);(2e-06,0.049535,-0.015973);(-0.003612,0.013016,-0.023961);2.0;0.0","(0.606208,0.4038,-1.96564)",NAVCAM_LEFT,CAHVORE
78,"(0.206523,-0.0123667,0.018816,0.978183)",NLF_0078_0673867278_130ECM_N0032430NCAM00500_01_295J,"NASA's Mars Perseverance rover acquired this image using its onboard Left Navigation Camera (Navcam). The camera is located high on the rover's mast and aids in driving. 

This image was acquired on May. 9, 2021 (Sol 78) at the local mean solar time of 13:09:55.",Full,Sol-00078M13:09:55.111,NASA/JPL-Caltech,2021-05-09T21:23:43.980,https://mars.nasa.gov/rss/api/?feed=raw_images&category=mars2020&feedtype=json&id=NLF_0078_0673867278_130ECM_N0032430NCAM00500_01_295J,https://mars.nasa.gov/mars2020/multimedia/raw-images/?id=NLF_0078_0673867278_130ECM_N0032430NCAM00500_01_295J,2430,Mars Perseverance Sol 78: Left Navigation Camera (Navcam),3,2021-05-10T04:49:22Z,275.546,-4.76971,673867279.210,4,"(-30.546,99.9637,0.788912)","(1,1441,5120,960)","(1280,240)",https://mars.nasa.gov/mars2020-raw-images/pub/ods/surface/sol/00078/ids/edr/browse/ncam/NLF_0078_0673867278_130ECM_N0032430NCAM00500_01_295J01_800.jpg,https://mars.nasa.gov/mars2020-raw-images/pub/ods/surface/sol/00078/ids/edr/browse/ncam/NLF_0078_0673867278_130ECM_N0032430NCAM00500_01_295J01_320.jpg,https://mars.nasa.gov/mars2020-raw-images/pub/ods/surface/sol/00078/ids/edr/browse/ncam/NLF_0078_0673867278_130ECM_N0032430NCAM00500_01_295J01.png,https://mars.nasa.gov/mars2020-raw-images/pub/ods/surface/sol/00078/ids/edr/browse/ncam/NLF_0078_0673867278_130ECM_N0032430NCAM00500_01_295J01_1200.jpg,UNK,"(0.09697880068345445,-0.9917504386567438,0.08382230993091845)","(0.606208,0.4038,-1.96564);(0.108429,-0.989941,0.0909705);(805.588,-561.565,58.3182);(6.80626,-57.1166,747.824);(0.109843,-0.989774,0.0910891);(2e-06,0.049535,-0.015973);(-0.003612,0.013016,-0.023961);2.0;0.0","(0.606208,0.4038,-1.96564)",NAVCAM_LEFT,CAHVORE
78,"(0.206523,-0.0123667,0.018816,0.978183)",NLF_0078_0673867263_911ECM_N0032430NCAM00500_01_295J,"NASA's Mars Perseverance rover acquired this image using its onboard Left Navigation Camera (Navcam). The camera is located high on the rover's mast and aids in driving. 

This image was acquired on May. 9, 2021 (Sol 78) at the local mean solar time of 13:09:41.",Full,Sol-00078M13:09:41.273,NASA/JPL-Caltech,2021-05-09T21:23:29.745,https://mars.nasa.gov/rss/api/?feed=raw_images&category=mars2020&feedtype=json&id=NLF_0078_0673867263_911ECM_N0032430NCAM00500_01_295J,https://mars.nasa.gov/mars2020/multimedia/raw-images/?id=NLF_0078_0673867263_911ECM_N0032430NCAM00500_01_295J,2430,Mars Perseverance Sol 78: Left Navigation Camera (Navcam),3,2021-05-10T04:49:22Z,275.546,-4.76971,673867264.975,4,"(-30.546,99.9637,0.788912)","(1,1441,5120,960)","(1280,240)",https://mars.nasa.gov/mars2020-raw-images/pub/ods/surface/sol/00078/ids/edr/browse/ncam/NLF_0078_0673867263_911ECM_N0032430NCAM00500_01_295J01_800.jpg,https://mars.nasa.gov/mars2020-raw-images/pub/ods/surface/sol/00078/ids/edr/browse/ncam/NLF_0078_0673867263_911ECM_N0032430NCAM00500_01_295J01_320.jpg,https://mars.nasa.gov/mars2020-raw-images/pub/ods/surface/sol/00078/ids/edr/browse/ncam/NLF_0078_0673867263_911ECM_N0032430NCAM00500_01_295J01.png,https://mars.nasa.gov/mars2020-raw-images/pub/ods/surface/sol/00078/ids/edr/browse/ncam/NLF_0078_0673867263_911ECM_N0032430NCAM00500_01_295J01_1200.jpg,UNK,"(0.09697880068345445,-0.9917504386567438,0.08382230993091845)","(0.606208,0.4038,-1.96564);(0.108429,-0.989941,0.0909705);(805.588,-561.565,58.3182);(6.80626,-57.1166,747.824);(0.109843,-0.989774,0.0910891);(2e-06,0.049535,-0.015973);(-0.003612,0.013016,-0.023961);2.0;0.0","(0.606208,0.4038,-1.96564)",NAVCAM_LEFT,CAHVORE
78,"(0.206523,-0.0123667,0.018816,0.978183)",NLF_0078_0673867225_362ECM_N0032430NCAM00500_01_295J,"NASA's Mars Perseverance rover acquired this image using its onboard Left Navigation Camera (Navcam). The camera is located high on the rover's mast and aids in driving. 

This image was acquired on May. 9, 2021 (Sol 78) at the local mean solar time of 13:09:03.",Full,Sol-00078M13:09:03.755,NASA/JPL-Caltech,2021-05-09T21:22:51.196,https://mars.nasa.gov/rss/api/?feed=raw_images&category=mars2020&feedtype=json&id=NLF_0078_0673867225_362ECM_N0032430NCAM00500_01_295J,https://mars.nasa.gov/mars2020/multimedia/raw-images/?id=NLF_0078_0673867225_362ECM_N0032430NCAM00500_01_295J,2430,Mars Perseverance Sol 78: Left Navigation Camera (Navcam),3,2021-05-10T04:49:22Z,203.927,-2.05141,673867226.426,4,"(-30.546,99.9637,0.788912)","(1,1441,5120,960)","(1280,240)",https://mars.nasa.gov/mars2020-raw-images/pub/ods/surface/sol/00078/ids/edr/browse/ncam/NLF_0078_0673867225_362ECM_N0032430NCAM00500_01_295J01_800.jpg,https://mars.nasa.gov/mars2020-raw-images/pub/ods/surface/sol/00078/ids/edr/browse/ncam/NLF_0078_0673867225_362ECM_N0032430NCAM00500_01_295J01_320.jpg,https://mars.nasa.gov/mars2020-raw-images/pub/ods/surface/sol/00078/ids/edr/browse/ncam/NLF_0078_0673867225_362ECM_N0032430NCAM00500_01_295J01.png,https://mars.nasa.gov/mars2020-raw-images/pub/ods/surface/sol/00078/ids/edr/browse/ncam/NLF_0078_0673867225_362ECM_N0032430NCAM00500_01_295J01_1200.jpg,UNK,"(-0.913181117225805,-0.4059190332186052,0.03646896780967939)","(0.59672,0.700037,-1.97165);(-0.908159,-0.416364,0.0436218);(-280.801,-942.424,26.7436);(-83.8886,-40.0133,744.252);(-0.90756,-0.417655,0.0437392);(2e-06,0.049535,-0.015973);(-0.003612,0.013016,-0.023961);2.0;0.0","(0.59672,0.700037,-1.97165)",NAVCAM_LEFT,CAHVORE
78,"(0.206523,-0.0123667,0.018816,0.978183)",NLF_0078_0673867211_130ECM_N0032430NCAM00500_01_295J,"NASA's Mars Perseverance rover acquired this image using its onboard Left Navigation Camera (Navcam). The camera is located high on the rover's mast and aids in driving. 

This image was acquired on May. 9, 2021 (Sol 78) at the local mean solar time of 13:08:49.",Full,Sol-00078M13:08:49.904,NASA/JPL-Caltech,2021-05-09T21:22:36.963,https://mars.nasa.gov/rss/api/?feed=raw_images&category=mars2020&feedtype=json&id=NLF_0078_0673867211_130ECM_N0032430NCAM00500_01_295J,https://mars.nasa.gov/mars2020/multimedia/raw-images/?id=NLF_0078_0673867211_130ECM_N0032430NCAM00500_01_295J,2430,Mars Perseverance Sol 78: Left Navigation Camera (Navcam),3,2021-05-10T04:55:08Z,203.927,-2.05141,673867212.194,4,"(-30.546,99.9637,0.788912)","(1,1441,5120,960)","(1280,240)",https://mars.nasa.gov/mars2020-raw-images/pub/ods/surface/sol/00078/ids/edr/browse/ncam/NLF_0078_0673867211_130ECM_N0032430NCAM00500_01_295J01_800.jpg,https://mars.nasa.gov/mars2020-raw-images/pub/ods/surface/sol/00078/ids/edr/browse/ncam/NLF_0078_0673867211_130ECM_N0032430NCAM00500_01_295J01_320.jpg,https://mars.nasa.gov/mars2020-raw-images/pub/ods/surface/sol/00078/ids/edr/browse/ncam/NLF_0078_0673867211_130ECM_N0032430NCAM00500_01_295J01.png,https://mars.nasa.gov/mars2020-raw-images/pub/ods/surface/sol/00078/ids/edr/browse/ncam/NLF_0078_0673867211_130ECM_N0032430NCAM00500_01_295J01_1200.jpg,UNK,"(-0.913181117225805,-0.4059190332186052,0.03646896780967939)","(0.59672,0.700037,-1.97165);(-0.908159,-0.416364,0.0436218);(-280.801,-942.424,26.7436);(-83.8886,-40.0133,744.252);(-0.90756,-0.417655,0.0437392);(2e-06,0.049535,-0.015973);(-0.003612,0.013016,-0.023961);2.0;0.0","(0.59672,0.700037,-1.97165)",NAVCAM_LEFT,CAHVORE
78,"(0.206523,-0.0123667,0.018816,0.978183)",NLF_0078_0673867196_599ECM_N0032430NCAM00500_01_295J,"NASA's Mars Perseverance rover acquired this image using its onboard Left Navigation Camera (Navcam). The camera is located high on the rover's mast and aids in driving. 

This image was acquired on May. 9, 2021 (Sol 78) at the local mean solar time of 13:08:35.",Full,Sol-00078M13:08:35.761,NASA/JPL-Caltech,2021-05-09T21:22:22.392,https://mars.nasa.gov/rss/api/?feed=raw_images&category=mars2020&feedtype=json&id=NLF_0078_0673867196_599ECM_N0032430NCAM00500_01_295J,https://mars.nasa.gov/mars2020/multimedia/raw-images/?id=NLF_0078_0673867196_599ECM_N0032430NCAM00500_01_295J,2430,Mars Perseverance Sol 78: Left Navigation Camera (Navcam),3,2021-05-10T04:49:22Z,203.927,-2.05141,673867197.623,4,"(-30.546,99.9637,0.788912)","(1,1441,5120,960)","(1280,240)",https://mars.nasa.gov/mars2020-raw-images/pub/ods/surface/sol/00078/ids/edr/browse/ncam/NLF_0078_0673867196_599ECM_N0032430NCAM00500_01_295J01_800.jpg,https://mars.nasa.gov/mars2020-raw-images/pub/ods/surface/sol/00078/ids/edr/browse/ncam/NLF_0078_0673867196_599ECM_N0032430NCAM00500_01_295J01_320.jpg,https://mars.nasa.gov/mars2020-raw-images/pub/ods/surface/sol/00078/ids/edr/browse/ncam/NLF_0078_0673867196_599ECM_N0032430NCAM00500_01_295J01.png,https://mars.nasa.gov/mars2020-raw-images/pub/ods/surface/sol/00078/ids/edr/browse/ncam/NLF_0078_0673867196_599ECM_N0032430NCAM00500_01_295J01_1200.jpg,UNK,"(-0.913181117225805,-0.4059190332186052,0.03646896780967939)","(0.59672,0.700037,-1.97165);(-0.908159,-0.416364,0.0436218);(-280.801,-942.424,26.7436);(-83.8886,-40.0133,744.252);(-0.90756,-0.417655,0.0437392);(2e-06,0.049535,-0.015973);(-0.003612,0.013016,-0.023961);2.0;0.0","(0.59672,0.700037,-1.97165)",NAVCAM_LEFT,CAHVORE
78,"(0.206523,-0.0123667,0.018816,0.978183)",ZL0_0078_0673860129_098ECM_N0032430ZCAM08039_034085J,"NASA's Mars Perseverance rover acquired this image using its Left Mastcam-Z camera. Mastcam-Z is a pair of cameras located high on the rover's mast.

This image was acquired on May. 9, 2021 (Sol 78) at the local mean solar time of 11:14:14.",Full,Sol-00078M11:14:14.733,NASA/JPL-Caltech/ASU,2021-05-09T19:24:51.723,https://mars.nasa.gov/rss/api/?feed=raw_images&category=mars2020&feedtype=json&id=ZL0_0078_0673860129_098ECM_N0032430ZCAM08039_034085J,https://mars.nasa.gov/mars2020/multimedia/raw-images/?id=ZL0_0078_0673860129_098ECM_N0032430ZCAM08039_034085J,2430,Mars Perseverance Sol 78: Left Mastcam-Z Camera,3,2021-05-10T04:55:08Z,102.428,-24.9542,673860147.592,1,"(-30.546,99.9637,0.788912)","(1,1,1648,1200)","(1648,1200)",https://mars.nasa.gov/mars2020-raw-images/pub/ods/surface/sol/00078/ids/edr/browse/zcam/ZL0_0078_0673860129_098ECM_N0032430ZCAM08039_034085J01_800.jpg,https://mars.nasa.gov/mars2020-raw-images/pub/ods/surface/sol/00078/ids/edr/browse/zcam/ZL0_0078_0673860129_098ECM_N0032430ZCAM08039_034085J01_320.jpg,https://mars.nasa.gov/mars2020-raw-images/pub/ods/surface/sol/00078/ids/edr/browse/zcam/ZL0_0078_0673860129_098ECM_N0032430ZCAM08039_034085J01.png,https://mars.nasa.gov/mars2020-raw-images/pub/ods/surface/sol/00078/ids/edr/browse/zcam/ZL0_0078_0673860129_098ECM_N0032430ZCAM08039_034085J01_1200.jpg,ZCAM_L0_RGB,"(-0.19522784182027,0.8853237426311693,0.4220046925233634)","(0.915583,0.638841,-1.96555);(-0.20699,0.88657,0.41372);(-4748.59,-248.014,275.912);(230.165,-1413.41,4493.32);(-0.207466,0.88697,0.412622);(-4.71667e-05,-0.463474,0.538638)","(0.915583,0.638841,-1.96555)",MCZ_LEFT,CAHVOR
78,"(0.206523,-0.0123667,0.018816,0.978183)",ZR0_0078_0673860093_081ECM_N0032430ZCAM08039_034085J,"NASA's Mars Perseverance rover acquired this image using its Right Mastcam-Z camera. Mastcam-Z is a pair of cameras located high on the rover's mast.  

This image was acquired on May. 9, 2021 (Sol 78) at the local mean solar time of 11:13:56.",Full,Sol-00078M11:13:56.246,NASA/JPL-Caltech/ASU,2021-05-09T19:24:32.727,https://mars.nasa.gov/rss/api/?feed=raw_images&category=mars2020&feedtype=json&id=ZR0_0078_0673860093_081ECM_N0032430ZCAM08039_034085J,https://mars.nasa.gov/mars2020/multimedia/raw-images/?id=ZR0_0078_0673860093_081ECM_N0032430ZCAM08039_034085J,2430,Mars Perseverance Sol 78: Right Mastcam-Z Camera,3,2021-05-10T04:55:08Z,82.1528,-25.2981,673860128.862,1,"(-30.546,99.9637,0.788912)","(1,1,1648,1200)","(1648,1200)",https://mars.nasa.gov/mars2020-raw-images/pub/ods/surface/sol/00078/ids/edr/browse/zcam/ZR0_0078_0673860093_081ECM_N0032430ZCAM08039_034085J01_800.jpg,https://mars.nasa.gov/mars2020-raw-images/pub/ods/surface/sol/00078/ids/edr/browse/zcam/ZR0_0078_0673860093_081ECM_N0032430ZCAM08039_034085J01_320.jpg,https://mars.nasa.gov/mars2020-raw-images/pub/ods/surface/sol/00078/ids/edr/browse/zcam/ZR0_0078_0673860093_081ECM_N0032430ZCAM08039_034085J01.png,https://mars.nasa.gov/mars2020-raw-images/pub/ods/surface/sol/00078/ids/edr/browse/zcam/ZR0_0078_0673860093_081ECM_N0032430ZCAM08039_034085J01_1200.jpg,ZCAM_R0_RGB,"(0.12339707093234908,0.8955513706977053,0.4275054447919679)","(0.692971,0.631662,-1.96447);(0.125989,0.894039,0.429927);(-4542.33,1346.04,418.855);(-131.63,-1458.33,4496.44);(0.123582,0.89288,0.433023);(-4.58889e-05,-0.476062,0.660744)","(0.692971,0.631662,-1.96447)",MCZ_RIGHT,CAHVOR
78,"(0.206523,-0.0123667,0.018816,0.978183)",ZL0_0078_0673860093_081ECM_N0032430ZCAM08039_034085J,"NASA's Mars Perseverance rover acquired this image using its Left Mastcam-Z camera. Mastcam-Z is a pair of cameras located high on the rover's mast.

This image was acquired on May. 9, 2021 (Sol 78) at the local mean solar time of 11:13:54.",Full,Sol-00078M11:13:54.298,NASA/JPL-Caltech/ASU,2021-05-09T19:24:30.726,https://mars.nasa.gov/rss/api/?feed=raw_images&category=mars2020&feedtype=json&id=ZL0_0078_0673860093_081ECM_N0032430ZCAM08039_034085J,https://mars.nasa.gov/mars2020/multimedia/raw-images/?id=ZL0_0078_0673860093_081ECM_N0032430ZCAM08039_034085J,2430,Mars Perseverance Sol 78: Left Mastcam-Z Camera,3,2021-05-10T04:55:08Z,84.7133,-25.4847,673860126.798,1,"(-30.546,99.9637,0.788912)","(1,1,1648,1200)","(1648,1200)",https://mars.nasa.gov/mars2020-raw-images/pub/ods/surface/sol/00078/ids/edr/browse/zcam/ZL0_0078_0673860093_081ECM_N0032430ZCAM08039_034085J01_800.jpg,https://mars.nasa.gov/mars2020-raw-images/pub/ods/surface/sol/00078/ids/edr/browse/zcam/ZL0_0078_0673860093_081ECM_N0032430ZCAM08039_034085J01_320.jpg,https://mars.nasa.gov/mars2020-raw-images/pub/ods/surface/sol/00078/ids/edr/browse/zcam/ZL0_0078_0673860093_081ECM_N0032430ZCAM08039_034085J01.png,https://mars.nasa.gov/mars2020-raw-images/pub/ods/surface/sol/00078/ids/edr/browse/zcam/ZL0_0078_0673860093_081ECM_N0032430ZCAM08039_034085J01_1200.jpg,ZCAM_L0_RGB,"(0.08304641920214384,0.8988178293633037,0.4303833197004048)","(0.934536,0.601845,-1.96505);(0.0722279,0.903661,0.422133);(-4599.14,1206.05,283.105);(-214.659,-1457.8,4479.88);(0.0718974,0.904197,0.42104);(-4.71667e-05,-0.463474,0.538638)","(0.934536,0.601845,-1.96505)",MCZ_LEFT,CAHVOR
78,"(0.206523,-0.0123667,0.018816,0.978183)",ZL0_0078_0673860076_081ECM_N0032430ZCAM08039_034085J,"NASA's Mars Perseverance rover acquired this image using its Left Mastcam-Z camera. Mastcam-Z is a pair of cameras located high on the rover's mast.

This image was acquired on May. 9, 2021 (Sol 78) at the local mean solar time of 11:13:21.",Full,Sol-00078M11:13:21.197,NASA/JPL-Caltech/ASU,2021-05-09T19:23:56.715,https://mars.nasa.gov/rss/api/?feed=raw_images&category=mars2020&feedtype=json&id=ZL0_0078_0673860076_081ECM_N0032430ZCAM08039_034085J,https://mars.nasa.gov/mars2020/multimedia/raw-images/?id=ZL0_0078_0673860076_081ECM_N0032430ZCAM08039_034085J,2430,Mars Perseverance Sol 78: Left Mastcam-Z Camera,3,2021-05-10T04:55:08Z,67.1367,-26.8719,673860092.085,1,"(-30.546,99.9637,0.788912)","(1,1,1648,1200)","(1648,1200)",https://mars.nasa.gov/mars2020-raw-images/pub/ods/surface/sol/00078/ids/edr/browse/zcam/ZL0_0078_0673860076_081ECM_N0032430ZCAM08039_034085J01_800.jpg,https://mars.nasa.gov/mars2020-raw-images/pub/ods/surface/sol/00078/ids/edr/browse/zcam/ZL0_0078_0673860076_081ECM_N0032430ZCAM08039_034085J01_320.jpg,https://mars.nasa.gov/mars2020-raw-images/pub/ods/surface/sol/00078/ids/edr/browse/zcam/ZL0_0078_0673860076_081ECM_N0032430ZCAM08039_034085J01.png,https://mars.nasa.gov/mars2020-raw-images/pub/ods/surface/sol/00078/ids/edr/browse/zcam/ZL0_0078_0673860076_081ECM_N0032430ZCAM08039_034085J01_1200.jpg,ZCAM_L0_RGB,"(0.3464430302154841,0.8219299174173531,0.45211551363497393)","(0.941736,0.561754,-1.96368);(0.3376,0.830029,0.443953);(-4021.77,2532.06,300.937);(-687.603,-1423.6,4441.91);(0.337471,0.830678,0.442836);(-4.95e-05,-0.464204,0.556361)","(0.941736,0.561754,-1.96368)",MCZ_LEFT,CAHVOR
78,"(0.206523,-0.0123667,0.018816,0.978183)",ZR0_0078_0673860076_081ECM_N0032430ZCAM08039_034085J,"NASA's Mars Perseverance rover acquired this image using its Right Mastcam-Z camera. Mastcam-Z is a pair of cameras located high on the rover's mast.  

This image was acquired on May. 9, 2021 (Sol 78) at the local mean solar time of 11:13:19.",Full,Sol-00078M11:13:19.252,NASA/JPL-Caltech/ASU,2021-05-09T19:23:54.717,https://mars.nasa.gov/rss/api/?feed=raw_images&category=mars2020&feedtype=json&id=ZR0_0078_0673860076_081ECM_N0032430ZCAM08039_034085J,https://mars.nasa.gov/mars2020/multimedia/raw-images/?id=ZR0_0078_0673860076_081ECM_N0032430ZCAM08039_034085J,2430,Mars Perseverance Sol 78: Right Mastcam-Z Camera,3,2021-05-10T04:55:08Z,64.5457,-26.6844,673860090.220,1,"(-30.546,99.9637,0.788912)","(1,1,1648,1200)","(1648,1200)",https://mars.nasa.gov/mars2020-raw-images/pub/ods/surface/sol/00078/ids/edr/browse/zcam/ZR0_0078_0673860076_081ECM_N0032430ZCAM08039_034085J01_800.jpg,https://mars.nasa.gov/mars2020-raw-images/pub/ods/surface/sol/00078/ids/edr/browse/zcam/ZR0_0078_0673860076_081ECM_N0032430ZCAM08039_034085J01_320.jpg,https://mars.nasa.gov/mars2020-raw-images/pub/ods/surface/sol/00078/ids/edr/browse/zcam/ZR0_0078_0673860076_081ECM_N0032430ZCAM08039_034085J01.png,https://mars.nasa.gov/mars2020-raw-images/pub/ods/surface/sol/00078/ids/edr/browse/zcam/ZR0_0078_0673860076_081ECM_N0032430ZCAM08039_034085J01_1200.jpg,ZCAM_R0_RGB,"(0.3839384174509864,0.8067022047414163,0.44924697491532434)","(0.720437,0.663063,-1.96301);(0.385144,0.805176,0.450967);(-3927.44,2645.92,439.467);(-608.864,-1449.15,4458.13);(0.382579,0.804691,0.454006);(-4.9e-05,-0.476648,0.675033)","(0.720437,0.663063,-1.96301)",MCZ_RIGHT,CAHVOR
78,"(0.206523,-0.0123667,0.018816,0.978183)",ZL0_0078_0673860055_098ECM_N0032430ZCAM08039_034085J,"NASA's Mars Perseverance rover acquired this image using its Left Mastcam-Z camera. Mastcam-Z is a pair of cameras located high on the rover's mast.

This image was acquired on May. 9, 2021 (Sol 78) at the local mean solar time of 11:13:04.",Full,Sol-00078M11:13:04.662,NASA/JPL-Caltech/ASU,2021-05-09T19:23:39.725,https://mars.nasa.gov/rss/api/?feed=raw_images&category=mars2020&feedtype=json&id=ZL0_0078_0673860055_098ECM_N0032430ZCAM08039_034085J,https://mars.nasa.gov/mars2020/multimedia/raw-images/?id=ZL0_0078_0673860055_098ECM_N0032430ZCAM08039_034085J,2430,Mars Perseverance Sol 78: Left Mastcam-Z Camera,3,2021-05-10T04:55:08Z,48.7516,-28.4364,673860075.801,1,"(-30.546,99.9637,0.788912)","(1,1,1648,1200)","(1648,1200)",https://mars.nasa.gov/mars2020-raw-images/pub/ods/surface/sol/00078/ids/edr/browse/zcam/ZL0_0078_0673860055_098ECM_N0032430ZCAM08039_034085J01_800.jpg,https://mars.nasa.gov/mars2020-raw-images/pub/ods/surface/sol/00078/ids/edr/browse/zcam/ZL0_0078_0673860055_098ECM_N0032430ZCAM08039_034085J01_320.jpg,https://mars.nasa.gov/mars2020-raw-images/pub/ods/surface/sol/00078/ids/edr/browse/zcam/ZL0_0078_0673860055_098ECM_N0032430ZCAM08039_034085J01.png,https://mars.nasa.gov/mars2020-raw-images/pub/ods/surface/sol/00078/ids/edr/browse/zcam/ZL0_0078_0673860055_098ECM_N0032430ZCAM08039_034085J01_1200.jpg,ZCAM_L0_RGB,"(0.5796466819472462,0.6611747430475162,0.4762957938756113)","(0.936276,0.519383,-1.96214);(0.573956,0.671817,0.468244);(-3023.18,3665.22,321.114);(-1181.71,-1224.22,4397.14);(0.574059,0.672495,0.467142);(-4.95e-05,-0.464204,0.556361)","(0.936276,0.519383,-1.96214)",MCZ_LEFT,CAHVOR
78,"(0.206523,-0.0123667,0.018816,0.978183)",ZR0_0078_0673860055_098ECM_N0032430ZCAM08039_034085J,"NASA's Mars Perseverance rover acquired this image using its Right Mastcam-Z camera. Mastcam-Z is a pair of cameras located high on the rover's mast.  

This image was acquired on May. 9, 2021 (Sol 78) at the local mean solar time of 11:13:02.",Full,Sol-00078M11:13:02.717,NASA/JPL-Caltech/ASU,2021-05-09T19:23:37.727,https://mars.nasa.gov/rss/api/?feed=raw_images&category=mars2020&feedtype=json&id=ZR0_0078_0673860055_098ECM_N0032430ZCAM08039_034085J,https://mars.nasa.gov/mars2020/multimedia/raw-images/?id=ZR0_0078_0673860055_098ECM_N0032430ZCAM08039_034085J,2430,Mars Perseverance Sol 78: Right Mastcam-Z Camera,3,2021-05-10T04:55:08Z,46.1235,-28.2477,673860073.882,1,"(-30.546,99.9637,0.788912)","(1,1,1648,1200)","(1648,1200)",https://mars.nasa.gov/mars2020-raw-images/pub/ods/surface/sol/00078/ids/edr/browse/zcam/ZR0_0078_0673860055_098ECM_N0032430ZCAM08039_034085J01_800.jpg,https://mars.nasa.gov/mars2020-raw-images/pub/ods/surface/sol/00078/ids/edr/browse/zcam/ZR0_0078_0673860055_098ECM_N0032430ZCAM08039_034085J01_320.jpg,https://mars.nasa.gov/mars2020-raw-images/pub/ods/surface/sol/00078/ids/edr/browse/zcam/ZR0_0078_0673860055_098ECM_N0032430ZCAM08039_034085J01.png,https://mars.nasa.gov/mars2020-raw-images/pub/ods/surface/sol/00078/ids/edr/browse/zcam/ZR0_0078_0673860055_098ECM_N0032430ZCAM08039_034085J01_1200.jpg,ZCAM_R0_RGB,"(0.6104730922606428,0.6349551875408979,0.47344958912288865)","(0.758226,0.685319,-1.96131);(0.611105,0.633092,0.475143);(-2900.3,3740.63,463.463);(-1115.35,-1273.64,4413.56);(0.608464,0.633379,0.478141);(-4.9e-05,-0.476648,0.675033)","(0.758226,0.685319,-1.96131)",MCZ_RIGHT,CAHVOR
78,"(0.206523,-0.0123667,0.018816,0.978183)",ZR0_0078_0673860014_081ECM_N0032430ZCAM08039_034085J,"NASA's Mars Perseverance rover acquired this image using its Right Mastcam-Z camera. Mastcam-Z is a pair of cameras located high on the rover's mast.  

This image was acquired on May. 9, 2021 (Sol 78) at the local mean solar time of 11:12:44.",Full,Sol-00078M11:12:44.222,NASA/JPL-Caltech/ASU,2021-05-09T19:23:18.723,https://mars.nasa.gov/rss/api/?feed=raw_images&category=mars2020&feedtype=json&id=ZR0_0078_0673860014_081ECM_N0032430ZCAM08039_034085J,https://mars.nasa.gov/mars2020/multimedia/raw-images/?id=ZR0_0078_0673860014_081ECM_N0032430ZCAM08039_034085J,2430,Mars Perseverance Sol 78: Right Mastcam-Z Camera,3,2021-05-10T04:55:08Z,28.1805,-28.2602,673860054.656,1,"(-30.546,99.9637,0.788912)","(1,1,1648,1200)","(1648,1200)",https://mars.nasa.gov/mars2020-raw-images/pub/ods/surface/sol/00078/ids/edr/browse/zcam/ZR0_0078_0673860014_081ECM_N0032430ZCAM08039_034085J01_800.jpg,https://mars.nasa.gov/mars2020-raw-images/pub/ods/surface/sol/00078/ids/edr/browse/zcam/ZR0_0078_0673860014_081ECM_N0032430ZCAM08039_034085J01_320.jpg,https://mars.nasa.gov/mars2020-raw-images/pub/ods/surface/sol/00078/ids/edr/browse/zcam/ZR0_0078_0673860014_081ECM_N0032430ZCAM08039_034085J01.png,https://mars.nasa.gov/mars2020-raw-images/pub/ods/surface/sol/00078/ids/edr/browse/zcam/ZR0_0078_0673860014_081ECM_N0032430ZCAM08039_034085J01_1200.jpg,ZCAM_R0_RGB,"(0.7763025951610657,0.41595934266589,0.4736371036934873)","(0.799246,0.693615,-1.96124);(0.77633,0.41399,0.475331);(-1607.9,4451.59,465.631);(-1453.2,-870.555,4413.17);(0.773906,0.415075,0.47833);(-4.9e-05,-0.476648,0.675033)","(0.799246,0.693615,-1.96124)",MCZ_RIGHT,CAHVOR
78,"(0.206523,-0.0123667,0.018816,0.978183)",ZL0_0078_0673860014_081ECM_N0032430ZCAM08039_034085J,"NASA's Mars Perseverance rover acquired this image using its Left Mastcam-Z camera. Mastcam-Z is a pair of cameras located high on the rover's mast.

This image was acquired on May. 9, 2021 (Sol 78) at the local mean solar time of 11:12:44.",Full,Sol-00078M11:12:44.219,NASA/JPL-Caltech/ASU,2021-05-09T19:23:18.720,https://mars.nasa.gov/rss/api/?feed=raw_images&category=mars2020&feedtype=json&id=ZL0_0078_0673860014_081ECM_N0032430ZCAM08039_034085J,https://mars.nasa.gov/mars2020/multimedia/raw-images/?id=ZL0_0078_0673860014_081ECM_N0032430ZCAM08039_034085J,2430,Mars Perseverance Sol 78: Left Mastcam-Z Camera,3,2021-05-10T04:55:08Z,30.8088,-28.45,673860054.456,1,"(-30.546,99.9637,0.788912)","(1,1,1648,1200)","(1648,1200)",https://mars.nasa.gov/mars2020-raw-images/pub/ods/surface/sol/00078/ids/edr/browse/zcam/ZL0_0078_0673860014_081ECM_N0032430ZCAM08039_034085J01_800.jpg,https://mars.nasa.gov/mars2020-raw-images/pub/ods/surface/sol/00078/ids/edr/browse/zcam/ZL0_0078_0673860014_081ECM_N0032430ZCAM08039_034085J01_320.jpg,https://mars.nasa.gov/mars2020-raw-images/pub/ods/surface/sol/00078/ids/edr/browse/zcam/ZL0_0078_0673860014_081ECM_N0032430ZCAM08039_034085J01.png,https://mars.nasa.gov/mars2020-raw-images/pub/ods/surface/sol/00078/ids/edr/browse/zcam/ZL0_0078_0673860014_081ECM_N0032430ZCAM08039_034085J01_1200.jpg,ZCAM_L0_RGB,"(0.7550442301275241,0.450393700447154,0.4765015478974375)","(0.917566,0.480926,-1.96218);(0.752907,0.462274,0.468455);(-1748.03,4417.74,323.268);(-1501.13,-803.1,4396.78);(0.753213,0.462889,0.467354);(-4.95e-05,-0.464204,0.556361)","(0.917566,0.480926,-1.96218)",MCZ_LEFT,CAHVOR
78,"(0.206523,-0.0123667,0.018816,0.978183)",ZL0_0078_0673859978_081ECM_N0032430ZCAM08039_034085J,"NASA's Mars Perseverance rover acquired this image using its Left Mastcam-Z camera. Mastcam-Z is a pair of cameras located high on the rover's mast.

This image was acquired on May. 9, 2021 (Sol 78) at the local mean solar time of 11:12:04.",Full,Sol-00078M11:12:04.312,NASA/JPL-Caltech/ASU,2021-05-09T19:22:37.716,https://mars.nasa.gov/rss/api/?feed=raw_images&category=mars2020&feedtype=json&id=ZL0_0078_0673859978_081ECM_N0032430ZCAM08039_034085J,https://mars.nasa.gov/mars2020/multimedia/raw-images/?id=ZL0_0078_0673859978_081ECM_N0032430ZCAM08039_034085J,2430,Mars Perseverance Sol 78: Left Mastcam-Z Camera,3,2021-05-10T04:58:35Z,12.9449,-29.8042,673860013.231,1,"(-30.546,99.9637,0.788912)","(1,1,1648,1200)","(1648,1200)",https://mars.nasa.gov/mars2020-raw-images/pub/ods/surface/sol/00078/ids/edr/browse/zcam/ZL0_0078_0673859978_081ECM_N0032430ZCAM08039_034085J01_800.jpg,https://mars.nasa.gov/mars2020-raw-images/pub/ods/surface/sol/00078/ids/edr/browse/zcam/ZL0_0078_0673859978_081ECM_N0032430ZCAM08039_034085J01_320.jpg,https://mars.nasa.gov/mars2020-raw-images/pub/ods/surface/sol/00078/ids/edr/browse/zcam/ZL0_0078_0673859978_081ECM_N0032430ZCAM08039_034085J01.png,https://mars.nasa.gov/mars2020-raw-images/pub/ods/surface/sol/00078/ids/edr/browse/zcam/ZL0_0078_0673859978_081ECM_N0032430ZCAM08039_034085J01_1200.jpg,ZCAM_L0_RGB,"(0.8455885871977291,0.19447593173631747,0.4971509360106241)","(0.889071,0.4504,-1.9608);(0.847351,0.206637,0.489197);(-315.596,4737.12,340.997);(-1774.91,-326.558,4353.39);(0.847899,0.207127,0.488039);(-5.41667e-05,-0.465664,0.591806)","(0.889071,0.4504,-1.9608)",MCZ_LEFT,CAHVOR
78,"(0.206523,-0.0123667,0.018816,0.978183)",ZR0_0078_0673859978_081ECM_N0032430ZCAM08039_034085J,"NASA's Mars Perseverance rover acquired this image using its Right Mastcam-Z camera. Mastcam-Z is a pair of cameras located high on the rover's mast.  

This image was acquired on May. 9, 2021 (Sol 78) at the local mean solar time of 11:12:02.",Full,Sol-00078M11:12:02.373,NASA/JPL-Caltech/ASU,2021-05-09T19:22:35.724,https://mars.nasa.gov/rss/api/?feed=raw_images&category=mars2020&feedtype=json&id=ZR0_0078_0673859978_081ECM_N0032430ZCAM08039_034085J,https://mars.nasa.gov/mars2020/multimedia/raw-images/?id=ZR0_0078_0673859978_081ECM_N0032430ZCAM08039_034085J,2430,Mars Perseverance Sol 78: Right Mastcam-Z Camera,3,2021-05-10T04:55:08Z,10.282,-29.6131,673860011.709,1,"(-30.546,99.9637,0.788912)","(1,1,1648,1200)","(1648,1200)",https://mars.nasa.gov/mars2020-raw-images/pub/ods/surface/sol/00078/ids/edr/browse/zcam/ZR0_0078_0673859978_081ECM_N0032430ZCAM08039_034085J01_800.jpg,https://mars.nasa.gov/mars2020-raw-images/pub/ods/surface/sol/00078/ids/edr/browse/zcam/ZR0_0078_0673859978_081ECM_N0032430ZCAM08039_034085J01_320.jpg,https://mars.nasa.gov/mars2020-raw-images/pub/ods/surface/sol/00078/ids/edr/browse/zcam/ZR0_0078_0673859978_081ECM_N0032430ZCAM08039_034085J01.png,https://mars.nasa.gov/mars2020-raw-images/pub/ods/surface/sol/00078/ids/edr/browse/zcam/ZR0_0078_0673859978_081ECM_N0032430ZCAM08039_034085J01_1200.jpg,ZCAM_R0_RGB,"(0.8553286320972444,0.15522776923213677,0.49428460503425686)","(0.84155,0.689077,-1.95978);(0.855075,0.155505,0.494651);(-175.012,4727.63,485.225);(-1749.78,-404.912,4368.93);(0.853099,0.157043,0.49757);(-5.52222e-05,-0.47782,0.703611)","(0.84155,0.689077,-1.95978)",MCZ_RIGHT,CAHVOR
78,"(0.206523,-0.0123667,0.018816,0.978183)",ZL0_0078_0673859958_081ECM_N0032430ZCAM08039_034085J,"NASA's Mars Perseverance rover acquired this image using its Left Mastcam-Z camera. Mastcam-Z is a pair of cameras located high on the rover's mast.

This image was acquired on May. 9, 2021 (Sol 78) at the local mean solar time of 11:11:29.",Full,Sol-00078M11:11:29.273,NASA/JPL-Caltech/ASU,2021-05-09T19:22:01.714,https://mars.nasa.gov/rss/api/?feed=raw_images&category=mars2020&feedtype=json&id=ZL0_0078_0673859958_081ECM_N0032430ZCAM08039_034085J,https://mars.nasa.gov/mars2020/multimedia/raw-images/?id=ZL0_0078_0673859958_081ECM_N0032430ZCAM08039_034085J,2430,Mars Perseverance Sol 78: Left Mastcam-Z Camera,3,2021-05-10T04:55:08Z,355.399,-30.304,673859977.109,1,"(-30.546,99.9637,0.788912)","(1,1,1648,1200)","(1648,1200)",https://mars.nasa.gov/mars2020-raw-images/pub/ods/surface/sol/00078/ids/edr/browse/zcam/ZL0_0078_0673859958_081ECM_N0032430ZCAM08039_034085J01_800.jpg,https://mars.nasa.gov/mars2020-raw-images/pub/ods/surface/sol/00078/ids/edr/browse/zcam/ZL0_0078_0673859958_081ECM_N0032430ZCAM08039_034085J01_320.jpg,https://mars.nasa.gov/mars2020-raw-images/pub/ods/surface/sol/00078/ids/edr/browse/zcam/ZL0_0078_0673859958_081ECM_N0032430ZCAM08039_034085J01.png,https://mars.nasa.gov/mars2020-raw-images/pub/ods/surface/sol/00078/ids/edr/browse/zcam/ZL0_0078_0673859958_081ECM_N0032430ZCAM08039_034085J01_1200.jpg,ZCAM_L0_RGB,"(0.8605156695957695,-0.06913764801235149,0.5047105784580549)","(0.852686,0.430102,-1.96031);(0.865938,-0.0579984,0.496793);(1123.5,4611.09,348.572);(-1828.15,225.578,4336.52);(0.866638,-0.0577062,0.495606);(-5.65e-05,-0.466394,0.609529)","(0.852686,0.430102,-1.96031)",MCZ_LEFT,CAHVOR
78,"(0.206523,-0.0123667,0.018816,0.978183)",ZR0_0078_0673859958_081ECM_N0032430ZCAM08039_034085J,"NASA's Mars Perseverance rover acquired this image using its Right Mastcam-Z camera. Mastcam-Z is a pair of cameras located high on the rover's mast.  

This image was acquired on May. 9, 2021 (Sol 78) at the local mean solar time of 11:11:29.",Full,Sol-00078M11:11:29.273,NASA/JPL-Caltech/ASU,2021-05-09T19:22:01.714,https://mars.nasa.gov/rss/api/?feed=raw_images&category=mars2020&feedtype=json&id=ZR0_0078_0673859958_081ECM_N0032430ZCAM08039_034085J,https://mars.nasa.gov/mars2020/multimedia/raw-images/?id=ZR0_0078_0673859958_081ECM_N0032430ZCAM08039_034085J,2430,Mars Perseverance Sol 78: Right Mastcam-Z Camera,3,2021-05-10T04:55:08Z,352.723,-30.1118,673859977.094,1,"(-30.546,99.9637,0.788912)","(1,1,1648,1200)","(1648,1200)",https://mars.nasa.gov/mars2020-raw-images/pub/ods/surface/sol/00078/ids/edr/browse/zcam/ZR0_0078_0673859958_081ECM_N0032430ZCAM08039_034085J01_800.jpg,https://mars.nasa.gov/mars2020-raw-images/pub/ods/surface/sol/00078/ids/edr/browse/zcam/ZR0_0078_0673859958_081ECM_N0032430ZCAM08039_034085J01_320.jpg,https://mars.nasa.gov/mars2020-raw-images/pub/ods/surface/sol/00078/ids/edr/browse/zcam/ZR0_0078_0673859958_081ECM_N0032430ZCAM08039_034085J01.png,https://mars.nasa.gov/mars2020-raw-images/pub/ods/surface/sol/00078/ids/edr/browse/zcam/ZR0_0078_0673859958_081ECM_N0032430ZCAM08039_034085J01_1200.jpg,ZCAM_R0_RGB,"(0.8580084439114399,-0.10948354812049588,0.5018315084444346)","(0.879218,0.672001,-1.95922);(0.858351,-0.108163,0.501548);(1253.81,4560.71,493.291);(-1827.55,143.514,4351.6);(0.856903,-0.106215,0.504432);(-5.83333e-05,-0.478407,0.7179)","(0.879218,0.672001,-1.95922)",MCZ_RIGHT,CAHVOR
78,"(0.206523,-0.0123667,0.018816,0.978183)",ZR0_0078_0673859940_098ECM_N0032430ZCAM08039_034085J,"NASA's Mars Perseverance rover acquired this image using its Right Mastcam-Z camera. Mastcam-Z is a pair of cameras located high on the rover's mast.  

This image was acquired on May. 9, 2021 (Sol 78) at the local mean solar time of 11:11:08.",Full,Sol-00078M11:11:08.848,NASA/JPL-Caltech/ASU,2021-05-09T19:21:40.727,https://mars.nasa.gov/rss/api/?feed=raw_images&category=mars2020&feedtype=json&id=ZR0_0078_0673859940_098ECM_N0032430ZCAM08039_034085J,https://mars.nasa.gov/mars2020/multimedia/raw-images/?id=ZR0_0078_0673859940_098ECM_N0032430ZCAM08039_034085J,2430,Mars Perseverance Sol 78: Right Mastcam-Z Camera,3,2021-05-10T04:55:08Z,317.379,-30.8751,673859956.968,1,"(-30.546,99.9637,0.788912)","(1,1,1648,1200)","(1648,1200)",https://mars.nasa.gov/mars2020-raw-images/pub/ods/surface/sol/00078/ids/edr/browse/zcam/ZR0_0078_0673859940_098ECM_N0032430ZCAM08039_034085J01_800.jpg,https://mars.nasa.gov/mars2020-raw-images/pub/ods/surface/sol/00078/ids/edr/browse/zcam/ZR0_0078_0673859940_098ECM_N0032430ZCAM08039_034085J01_320.jpg,https://mars.nasa.gov/mars2020-raw-images/pub/ods/surface/sol/00078/ids/edr/browse/zcam/ZR0_0078_0673859940_098ECM_N0032430ZCAM08039_034085J01.png,https://mars.nasa.gov/mars2020-raw-images/pub/ods/surface/sol/00078/ids/edr/browse/zcam/ZR0_0078_0673859940_098ECM_N0032430ZCAM08039_034085J01_1200.jpg,ZCAM_R0_RGB,"(0.6315681233783859,-0.5810670170890225,0.5133057833139713)","(0.931033,0.608037,-1.95831);(0.632614,-0.58019,0.513025);(3654.21,3000.97,506.302);(-1453.5,1209.77,4326.75);(0.632528,-0.57774,0.515888);(-5.83333e-05,-0.478407,0.7179)","(0.931033,0.608037,-1.95831)",MCZ_RIGHT,CAHVOR
78,"(0.206523,-0.0123667,0.018816,0.978183)",ZL0_0078_0673859940_098ECM_N0032430ZCAM08039_034085J,"NASA's Mars Perseverance rover acquired this image using its Left Mastcam-Z camera. Mastcam-Z is a pair of cameras located high on the rover's mast.

This image was acquired on May. 9, 2021 (Sol 78) at the local mean solar time of 11:11:08.",Full,Sol-00078M11:11:08.845,NASA/JPL-Caltech/ASU,2021-05-09T19:21:40.724,https://mars.nasa.gov/rss/api/?feed=raw_images&category=mars2020&feedtype=json&id=ZL0_0078_0673859940_098ECM_N0032430ZCAM08039_034085J,https://mars.nasa.gov/mars2020/multimedia/raw-images/?id=ZL0_0078_0673859940_098ECM_N0032430ZCAM08039_034085J,2430,Mars Perseverance Sol 78: Left Mastcam-Z Camera,3,2021-05-10T04:55:08Z,320.076,-31.0689,673859956.750,1,"(-30.546,99.9637,0.788912)","(1,1,1648,1200)","(1648,1200)",https://mars.nasa.gov/mars2020-raw-images/pub/ods/surface/sol/00078/ids/edr/browse/zcam/ZL0_0078_0673859940_098ECM_N0032430ZCAM08039_034085J01_800.jpg,https://mars.nasa.gov/mars2020-raw-images/pub/ods/surface/sol/00078/ids/edr/browse/zcam/ZL0_0078_0673859940_098ECM_N0032430ZCAM08039_034085J01_320.jpg,https://mars.nasa.gov/mars2020-raw-images/pub/ods/surface/sol/00078/ids/edr/browse/zcam/ZL0_0078_0673859940_098ECM_N0032430ZCAM08039_034085J01.png,https://mars.nasa.gov/mars2020-raw-images/pub/ods/surface/sol/00078/ids/edr/browse/zcam/ZL0_0078_0673859940_098ECM_N0032430ZCAM08039_034085J01_1200.jpg,ZCAM_L0_RGB,"(0.6569055937285774,-0.5495705321554963,0.5161853069532584)","(0.769567,0.425973,-1.95956);(0.667852,-0.543681,0.508331);(3578.52,3116.19,359.82);(-1406.39,1276.95,4311.59);(0.668604,-0.543857,0.507153);(-5.65e-05,-0.466394,0.609529)","(0.769567,0.425973,-1.95956)",MCZ_LEFT,CAHVOR
78,"(0.206523,-0.0123667,0.018816,0.978183)",ZR0_0078_0673859899_081ECM_N0032430ZCAM08039_034085J,"NASA's Mars Perseverance rover acquired this image using its Right Mastcam-Z camera. Mastcam-Z is a pair of cameras located high on the rover's mast.  

This image was acquired on May. 9, 2021 (Sol 78) at the local mean solar time of 11:10:52.",Full,Sol-00078M11:10:52.292,NASA/JPL-Caltech/ASU,2021-05-09T19:21:23.716,https://mars.nasa.gov/rss/api/?feed=raw_images&category=mars2020&feedtype=json&id=ZR0_0078_0673859899_081ECM_N0032430ZCAM08039_034085J,https://mars.nasa.gov/mars2020/multimedia/raw-images/?id=ZR0_0078_0673859899_081ECM_N0032430ZCAM08039_034085J,2430,Mars Perseverance Sol 78: Right Mastcam-Z Camera,3,2021-05-10T04:58:35Z,335.08,-30.5576,673859939.282,1,"(-30.546,99.9637,0.788912)","(1,1,1648,1200)","(1648,1200)",https://mars.nasa.gov/mars2020-raw-images/pub/ods/surface/sol/00078/ids/edr/browse/zcam/ZR0_0078_0673859899_081ECM_N0032430ZCAM08039_034085J01_800.jpg,https://mars.nasa.gov/mars2020-raw-images/pub/ods/surface/sol/00078/ids/edr/browse/zcam/ZR0_0078_0673859899_081ECM_N0032430ZCAM08039_034085J01_320.jpg,https://mars.nasa.gov/mars2020-raw-images/pub/ods/surface/sol/00078/ids/edr/browse/zcam/ZR0_0078_0673859899_081ECM_N0032430ZCAM08039_034085J01.png,https://mars.nasa.gov/mars2020-raw-images/pub/ods/surface/sol/00078/ids/edr/browse/zcam/ZR0_0078_0673859899_081ECM_N0032430ZCAM08039_034085J01_1200.jpg,ZCAM_R0_RGB,"(0.7809071768114215,-0.36272596459295764,0.5085409086932178)","(0.910104,0.644122,-1.95869);(0.781635,-0.361572,0.508259);(2572.26,3968.37,500.923);(-1729.91,702.281,4337.19);(0.780824,-0.35927,0.511131);(-5.83333e-05,-0.478407,0.7179)","(0.910104,0.644122,-1.95869)",MCZ_RIGHT,CAHVOR
78,"(0.206523,-0.0123667,0.018816,0.978183)",ZL0_0078_0673859899_081ECM_N0032430ZCAM08039_034085J,"NASA's Mars Perseverance rover acquired this image using its Left Mastcam-Z camera. Mastcam-Z is a pair of cameras located high on the rover's mast.

This image was acquired on May. 9, 2021 (Sol 78) at the local mean solar time of 11:10:52.",Full,Sol-00078M11:10:52.290,NASA/JPL-Caltech/ASU,2021-05-09T19:21:23.714,https://mars.nasa.gov/rss/api/?feed=raw_images&category=mars2020&feedtype=json&id=ZL0_0078_0673859899_081ECM_N0032430ZCAM08039_034085J,https://mars.nasa.gov/mars2020/multimedia/raw-images/?id=ZL0_0078_0673859899_081ECM_N0032430ZCAM08039_034085J,2430,Mars Perseverance Sol 78: Left Mastcam-Z Camera,3,2021-05-10T04:55:08Z,337.768,-30.7507,673859939.095,1,"(-30.546,99.9637,0.788912)","(1,1,1648,1200)","(1648,1200)",https://mars.nasa.gov/mars2020-raw-images/pub/ods/surface/sol/00078/ids/edr/browse/zcam/ZL0_0078_0673859899_081ECM_N0032430ZCAM08039_034085J01_800.jpg,https://mars.nasa.gov/mars2020-raw-images/pub/ods/surface/sol/00078/ids/edr/browse/zcam/ZL0_0078_0673859899_081ECM_N0032430ZCAM08039_034085J01_320.jpg,https://mars.nasa.gov/mars2020-raw-images/pub/ods/surface/sol/00078/ids/edr/browse/zcam/ZL0_0078_0673859899_081ECM_N0032430ZCAM08039_034085J01.png,https://mars.nasa.gov/mars2020-raw-images/pub/ods/surface/sol/00078/ids/edr/browse/zcam/ZL0_0078_0673859899_081ECM_N0032430ZCAM08039_034085J01_1200.jpg,ZCAM_L0_RGB,"(0.7954912740663033,-0.32502653429056094,0.5114209468641624)","(0.811582,0.421609,-1.95988);(0.80409,-0.316074,0.50354);(2464.39,4055.44,355.172);(-1705.52,780.631,4322.06);(0.804854,-0.31601,0.502358);(-5.65e-05,-0.466394,0.609529)","(0.811582,0.421609,-1.95988)",MCZ_LEFT,CAHVOR
78,"(0.206523,-0.0123667,0.018816,0.978183)",ZL0_0078_0673859861_082ECM_N0032430ZCAM08039_034085J,"NASA's Mars Perseverance rover acquired this image using its Left Mastcam-Z camera. Mastcam-Z is a pair of cameras located high on the rover's mast.

This image was acquired on May. 9, 2021 (Sol 78) at the local mean solar time of 11:10:12.",Full,Sol-00078M11:10:12.397,NASA/JPL-Caltech/ASU,2021-05-09T19:20:42.724,https://mars.nasa.gov/rss/api/?feed=raw_images&category=mars2020&feedtype=json&id=ZL0_0078_0673859861_082ECM_N0032430ZCAM08039_034085J,https://mars.nasa.gov/mars2020/multimedia/raw-images/?id=ZL0_0078_0673859861_082ECM_N0032430ZCAM08039_034085J,2430,Mars Perseverance Sol 78: Left Mastcam-Z Camera,3,2021-05-10T04:55:08Z,312.257,-20.2776,673859898.816,1,"(-30.546,99.9637,0.788912)","(1,1,1648,1200)","(1648,1200)",https://mars.nasa.gov/mars2020-raw-images/pub/ods/surface/sol/00078/ids/edr/browse/zcam/ZL0_0078_0673859861_082ECM_N0032430ZCAM08039_034085J01_800.jpg,https://mars.nasa.gov/mars2020-raw-images/pub/ods/surface/sol/00078/ids/edr/browse/zcam/ZL0_0078_0673859861_082ECM_N0032430ZCAM08039_034085J01_320.jpg,https://mars.nasa.gov/mars2020-raw-images/pub/ods/surface/sol/00078/ids/edr/browse/zcam/ZL0_0078_0673859861_082ECM_N0032430ZCAM08039_034085J01.png,https://mars.nasa.gov/mars2020-raw-images/pub/ods/surface/sol/00078/ids/edr/browse/zcam/ZL0_0078_0673859861_082ECM_N0032430ZCAM08039_034085J01_1200.jpg,ZCAM_L0_RGB,"(0.6308593284870143,-0.6941471304308469,0.34666449050275405)","(0.746101,0.438626,-1.97036);(0.640944,-0.68909,0.338175);(4008.68,2571.91,231.623);(-670.505,823.9,4600.55);(0.641481,-0.689052,0.337233);(-3.55e-05,-0.459824,0.450025)","(0.746101,0.438626,-1.97036)",MCZ_LEFT,CAHVOR
78,"(0.206523,-0.0123667,0.018816,0.978183)",ZR0_0078_0673859861_082ECM_N0032430ZCAM08039_034085J,"NASA's Mars Perseverance rover acquired this image using its Right Mastcam-Z camera. Mastcam-Z is a pair of cameras located high on the rover's mast.  

This image was acquired on May. 9, 2021 (Sol 78) at the local mean solar time of 11:10:12.",Full,Sol-00078M11:10:12.394,NASA/JPL-Caltech/ASU,2021-05-09T19:20:42.721,https://mars.nasa.gov/rss/api/?feed=raw_images&category=mars2020&feedtype=json&id=ZR0_0078_0673859861_082ECM_N0032430ZCAM08039_034085J,https://mars.nasa.gov/mars2020/multimedia/raw-images/?id=ZR0_0078_0673859861_082ECM_N0032430ZCAM08039_034085J,2430,Mars Perseverance Sol 78: Right Mastcam-Z Camera,3,2021-05-10T04:55:08Z,309.793,-20.0854,673859898.610,1,"(-30.546,99.9637,0.788912)","(1,1,1648,1200)","(1648,1200)",https://mars.nasa.gov/mars2020-raw-images/pub/ods/surface/sol/00078/ids/edr/browse/zcam/ZR0_0078_0673859861_082ECM_N0032430ZCAM08039_034085J01_800.jpg,https://mars.nasa.gov/mars2020-raw-images/pub/ods/surface/sol/00078/ids/edr/browse/zcam/ZR0_0078_0673859861_082ECM_N0032430ZCAM08039_034085J01_320.jpg,https://mars.nasa.gov/mars2020-raw-images/pub/ods/surface/sol/00078/ids/edr/browse/zcam/ZR0_0078_0673859861_082ECM_N0032430ZCAM08039_034085J01.png,https://mars.nasa.gov/mars2020-raw-images/pub/ods/surface/sol/00078/ids/edr/browse/zcam/ZR0_0078_0673859861_082ECM_N0032430ZCAM08039_034085J01_1200.jpg,ZCAM_R0_RGB,"(0.6010144784995778,-0.7215924605065425,0.3436363158544141)","(0.931195,0.596767,-1.96928);(0.593964,-0.724706,0.34932);(4077.21,2423.9,356.699);(-727.443,761.845,4618.03);(0.595288,-0.722005,0.352642);(-3.18889e-05,-0.473424,0.596444)","(0.931195,0.596767,-1.96928)",MCZ_RIGHT,CAHVOR
78,"(0.206523,-0.0123667,0.018816,0.978183)",ZL0_0078_0673859827_081ECM_N0032430ZCAM08039_034085J,"NASA's Mars Perseverance rover acquired this image using its Left Mastcam-Z camera. Mastcam-Z is a pair of cameras located high on the rover's mast.

This image was acquired on May. 9, 2021 (Sol 78) at the local mean solar time of 11:09:35.",Full,Sol-00078M11:09:35.413,NASA/JPL-Caltech/ASU,2021-05-09T19:20:04.724,https://mars.nasa.gov/rss/api/?feed=raw_images&category=mars2020&feedtype=json&id=ZL0_0078_0673859827_081ECM_N0032430ZCAM08039_034085J,https://mars.nasa.gov/mars2020/multimedia/raw-images/?id=ZL0_0078_0673859827_081ECM_N0032430ZCAM08039_034085J,2430,Mars Perseverance Sol 78: Left Mastcam-Z Camera,3,2021-05-10T04:55:08Z,328.829,-20.0598,673859860.797,1,"(-30.546,99.9637,0.788912)","(1,1,1648,1200)","(1648,1200)",https://mars.nasa.gov/mars2020-raw-images/pub/ods/surface/sol/00078/ids/edr/browse/zcam/ZL0_0078_0673859827_081ECM_N0032430ZCAM08039_034085J01_800.jpg,https://mars.nasa.gov/mars2020-raw-images/pub/ods/surface/sol/00078/ids/edr/browse/zcam/ZL0_0078_0673859827_081ECM_N0032430ZCAM08039_034085J01_320.jpg,https://mars.nasa.gov/mars2020-raw-images/pub/ods/surface/sol/00078/ids/edr/browse/zcam/ZL0_0078_0673859827_081ECM_N0032430ZCAM08039_034085J01.png,https://mars.nasa.gov/mars2020-raw-images/pub/ods/surface/sol/00078/ids/edr/browse/zcam/ZL0_0078_0673859827_081ECM_N0032430ZCAM08039_034085J01_1200.jpg,ZCAM_L0_RGB,"(0.8037660854252441,-0.4860504957171739,0.3430961899136579)","(0.782823,0.42696,-1.97055);(0.811941,-0.478344,0.334597);(3109.72,3608.4,228.222);(-862.638,589.81,4605.07);(0.812438,-0.478146,0.333672);(-3.43333e-05,-0.459459,0.441164)","(0.782823,0.42696,-1.97055)",MCZ_LEFT,CAHVOR
78,"(0.206523,-0.0123667,0.018816,0.978183)",ZR0_0078_0673859827_081ECM_N0032430ZCAM08039_034085J,"NASA's Mars Perseverance rover acquired this image using its Right Mastcam-Z camera. Mastcam-Z is a pair of cameras located high on the rover's mast.  

This image was acquired on May. 9, 2021 (Sol 78) at the local mean solar time of 11:09:35.",Full,Sol-00078M11:09:35.410,NASA/JPL-Caltech/ASU,2021-05-09T19:20:04.721,https://mars.nasa.gov/rss/api/?feed=raw_images&category=mars2020&feedtype=json&id=ZR0_0078_0673859827_081ECM_N0032430ZCAM08039_034085J,https://mars.nasa.gov/mars2020/multimedia/raw-images/?id=ZR0_0078_0673859827_081ECM_N0032430ZCAM08039_034085J,2430,Mars Perseverance Sol 78: Right Mastcam-Z Camera,3,2021-05-10T04:55:08Z,326.369,-19.868,673859860.613,1,"(-30.546,99.9637,0.788912)","(1,1,1648,1200)","(1648,1200)",https://mars.nasa.gov/mars2020-raw-images/pub/ods/surface/sol/00078/ids/edr/browse/zcam/ZR0_0078_0673859827_081ECM_N0032430ZCAM08039_034085J01_800.jpg,https://mars.nasa.gov/mars2020-raw-images/pub/ods/surface/sol/00078/ids/edr/browse/zcam/ZR0_0078_0673859827_081ECM_N0032430ZCAM08039_034085J01_320.jpg,https://mars.nasa.gov/mars2020-raw-images/pub/ods/surface/sol/00078/ids/edr/browse/zcam/ZR0_0078_0673859827_081ECM_N0032430ZCAM08039_034085J01.png,https://mars.nasa.gov/mars2020-raw-images/pub/ods/surface/sol/00078/ids/edr/browse/zcam/ZR0_0078_0673859827_081ECM_N0032430ZCAM08039_034085J01_1200.jpg,ZCAM_R0_RGB,"(0.782962397595786,-0.5208775912542387,0.34008295882069783)","(0.915204,0.63129,-1.96948);(0.77612,-0.526767,0.346655);(3217.65,3485.65,353.599);(-900.173,514.11,4624.04);(0.776702,-0.523681,0.350011);(-2.8e-05,-0.472691,0.578583)","(0.915204,0.63129,-1.96948)",MCZ_RIGHT,CAHVOR
78,"(0.206523,-0.0123667,0.018816,0.978183)",ZR0_0078_0673859812_082ECM_N0032430ZCAM08039_034085J,"NASA's Mars Perseverance rover acquired this image using its Right Mastcam-Z camera. Mastcam-Z is a pair of cameras located high on the rover's mast.  

This image was acquired on May. 9, 2021 (Sol 78) at the local mean solar time of 11:09:02.",Full,Sol-00078M11:09:02.315,NASA/JPL-Caltech/ASU,2021-05-09T19:19:30.716,https://mars.nasa.gov/rss/api/?feed=raw_images&category=mars2020&feedtype=json&id=ZR0_0078_0673859812_082ECM_N0032430ZCAM08039_034085J,https://mars.nasa.gov/mars2020/multimedia/raw-images/?id=ZR0_0078_0673859812_082ECM_N0032430ZCAM08039_034085J,2430,Mars Perseverance Sol 78: Right Mastcam-Z Camera,3,2021-05-10T04:55:08Z,342.932,-19.5459,673859826.316,1,"(-30.546,99.9637,0.788912)","(1,1,1648,1200)","(1648,1200)",https://mars.nasa.gov/mars2020-raw-images/pub/ods/surface/sol/00078/ids/edr/browse/zcam/ZR0_0078_0673859812_082ECM_N0032430ZCAM08039_034085J01_800.jpg,https://mars.nasa.gov/mars2020-raw-images/pub/ods/surface/sol/00078/ids/edr/browse/zcam/ZR0_0078_0673859812_082ECM_N0032430ZCAM08039_034085J01_320.jpg,https://mars.nasa.gov/mars2020-raw-images/pub/ods/surface/sol/00078/ids/edr/browse/zcam/ZR0_0078_0673859812_082ECM_N0032430ZCAM08039_034085J01.png,https://mars.nasa.gov/mars2020-raw-images/pub/ods/surface/sol/00078/ids/edr/browse/zcam/ZR0_0078_0673859812_082ECM_N0032430ZCAM08039_034085J01_1200.jpg,ZCAM_R0_RGB,"(0.9007687853820691,-0.27663253946681304,0.33479849669533207)","(0.889911,0.659785,-1.96981);(0.895646,-0.284688,0.34174);(2092.95,4257.62,347.914);(-984.313,230.354,4630.62);(0.895357,-0.281513,0.345113);(-2.64444e-05,-0.472398,0.571439)","(0.889911,0.659785,-1.96981)",MCZ_RIGHT,CAHVOR
78,"(0.206523,-0.0123667,0.018816,0.978183)",ZL0_0078_0673859812_082ECM_N0032430ZCAM08039_034085J,"NASA's Mars Perseverance rover acquired this image using its Left Mastcam-Z camera. Mastcam-Z is a pair of cameras located high on the rover's mast.

This image was acquired on May. 9, 2021 (Sol 78) at the local mean solar time of 11:09:02.",Full,Sol-00078M11:09:02.315,NASA/JPL-Caltech/ASU,2021-05-09T19:19:30.715,https://mars.nasa.gov/rss/api/?feed=raw_images&category=mars2020&feedtype=json&id=ZL0_0078_0673859812_082ECM_N0032430ZCAM08039_034085J,https://mars.nasa.gov/mars2020/multimedia/raw-images/?id=ZL0_0078_0673859812_082ECM_N0032430ZCAM08039_034085J,2430,Mars Perseverance Sol 78: Left Mastcam-Z Camera,3,2021-05-10T04:55:08Z,345.388,-19.737,673859826.259,1,"(-30.546,99.9637,0.788912)","(1,1,1648,1200)","(1648,1200)",https://mars.nasa.gov/mars2020-raw-images/pub/ods/surface/sol/00078/ids/edr/browse/zcam/ZL0_0078_0673859812_082ECM_N0032430ZCAM08039_034085J01_800.jpg,https://mars.nasa.gov/mars2020-raw-images/pub/ods/surface/sol/00078/ids/edr/browse/zcam/ZL0_0078_0673859812_082ECM_N0032430ZCAM08039_034085J01_320.jpg,https://mars.nasa.gov/mars2020-raw-images/pub/ods/surface/sol/00078/ids/edr/browse/zcam/ZL0_0078_0673859812_082ECM_N0032430ZCAM08039_034085J01.png,https://mars.nasa.gov/mars2020-raw-images/pub/ods/surface/sol/00078/ids/edr/browse/zcam/ZL0_0078_0673859812_082ECM_N0032430ZCAM08039_034085J01_1200.jpg,ZCAM_L0_RGB,"(0.9108086280812494,-0.23731655624434358,0.33779948955715944)","(0.821188,0.426213,-1.97081);(0.916386,-0.227647,0.329285);(1954.1,4345.39,223.052);(-969.926,313.733,4611.66);(0.916793,-0.227307,0.328387);(-3.25833e-05,-0.458912,0.427872)","(0.821188,0.426213,-1.97081)",MCZ_LEFT,CAHVOR
78,"(0.206523,-0.0123667,0.018816,0.978183)",ZL0_0078_0673859791_081ECM_N0032430ZCAM08039_034085J,"NASA's Mars Perseverance rover acquired this image using its Left Mastcam-Z camera. Mastcam-Z is a pair of cameras located high on the rover's mast.

This image was acquired on May. 9, 2021 (Sol 78) at the local mean solar time of 11:08:47.",Full,Sol-00078M11:08:47.721,NASA/JPL-Caltech/ASU,2021-05-09T19:19:15.721,https://mars.nasa.gov/rss/api/?feed=raw_images&category=mars2020&feedtype=json&id=ZL0_0078_0673859791_081ECM_N0032430ZCAM08039_034085J,https://mars.nasa.gov/mars2020/multimedia/raw-images/?id=ZL0_0078_0673859791_081ECM_N0032430ZCAM08039_034085J,2430,Mars Perseverance Sol 78: Left Mastcam-Z Camera,3,2021-05-10T04:55:08Z,1.91201,-19.1716,673859811.618,1,"(-30.546,99.9637,0.788912)","(1,1,1648,1200)","(1648,1200)",https://mars.nasa.gov/mars2020-raw-images/pub/ods/surface/sol/00078/ids/edr/browse/zcam/ZL0_0078_0673859791_081ECM_N0032430ZCAM08039_034085J01_800.jpg,https://mars.nasa.gov/mars2020-raw-images/pub/ods/surface/sol/00078/ids/edr/browse/zcam/ZL0_0078_0673859791_081ECM_N0032430ZCAM08039_034085J01_320.jpg,https://mars.nasa.gov/mars2020-raw-images/pub/ods/surface/sol/00078/ids/edr/browse/zcam/ZL0_0078_0673859791_081ECM_N0032430ZCAM08039_034085J01.png,https://mars.nasa.gov/mars2020-raw-images/pub/ods/surface/sol/00078/ids/edr/browse/zcam/ZL0_0078_0673859791_081ECM_N0032430ZCAM08039_034085J01_1200.jpg,ZCAM_L0_RGB,"(0.9439744708514087,0.031654645136517855,0.32849685207332485)","(0.857893,0.436303,-1.97128);(0.946488,0.0425066,0.319952);(639.844,4721.79,214.499);(-973.599,27.1623,4621.47);(0.946772,0.0429482,0.319051);(-3.25833e-05,-0.458912,0.427872)","(0.857893,0.436303,-1.97128)",MCZ_LEFT,CAHVOR
78,"(0.206523,-0.0123667,0.018816,0.978183)",ZR0_0078_0673859791_081ECM_N0032430ZCAM08039_034085J,"NASA's Mars Perseverance rover acquired this image using its Right Mastcam-Z camera. Mastcam-Z is a pair of cameras located high on the rover's mast.  

This image was acquired on May. 9, 2021 (Sol 78) at the local mean solar time of 11:08:47.",Full,Sol-00078M11:08:47.718,NASA/JPL-Caltech/ASU,2021-05-09T19:19:15.718,https://mars.nasa.gov/rss/api/?feed=raw_images&category=mars2020&feedtype=json&id=ZR0_0078_0673859791_081ECM_N0032430ZCAM08039_034085J,https://mars.nasa.gov/mars2020/multimedia/raw-images/?id=ZR0_0078_0673859791_081ECM_N0032430ZCAM08039_034085J,2430,Mars Perseverance Sol 78: Right Mastcam-Z Camera,3,2021-05-10T04:55:08Z,359.465,-18.9814,673859811.422,1,"(-30.546,99.9637,0.788912)","(1,1,1648,1200)","(1648,1200)",https://mars.nasa.gov/mars2020-raw-images/pub/ods/surface/sol/00078/ids/edr/browse/zcam/ZR0_0078_0673859791_081ECM_N0032430ZCAM08039_034085J01_800.jpg,https://mars.nasa.gov/mars2020-raw-images/pub/ods/surface/sol/00078/ids/edr/browse/zcam/ZR0_0078_0673859791_081ECM_N0032430ZCAM08039_034085J01_320.jpg,https://mars.nasa.gov/mars2020-raw-images/pub/ods/surface/sol/00078/ids/edr/browse/zcam/ZR0_0078_0673859791_081ECM_N0032430ZCAM08039_034085J01.png,https://mars.nasa.gov/mars2020-raw-images/pub/ods/surface/sol/00078/ids/edr/browse/zcam/ZR0_0078_0673859791_081ECM_N0032430ZCAM08039_034085J01_1200.jpg,ZCAM_R0_RGB,"(0.9455001488810897,-0.008895521508707656,0.3255001354268926)","(0.857365,0.679775,-1.97039);(0.942949,-0.0180713,0.332471);(799.149,4677.18,337.818);(-963.494,-56.8572,4640.37);(0.941801,-0.0151077,0.335854);(-2.64444e-05,-0.472398,0.571439)","(0.857365,0.679775,-1.97039)",MCZ_RIGHT,CAHVOR
78,"(0.206523,-0.0123667,0.018816,0.978183)",ZR0_0078_0673859754_081ECM_N0032430ZCAM08039_034085J,"NASA's Mars Perseverance rover acquired this image using its Right Mastcam-Z camera. Mastcam-Z is a pair of cameras located high on the rover's mast.  

This image was acquired on May. 9, 2021 (Sol 78) at the local mean solar time of 11:08:27.",Full,Sol-00078M11:08:27.275,NASA/JPL-Caltech/ASU,2021-05-09T19:18:54.712,https://mars.nasa.gov/rss/api/?feed=raw_images&category=mars2020&feedtype=json&id=ZR0_0078_0673859754_081ECM_N0032430ZCAM08039_034085J,https://mars.nasa.gov/mars2020/multimedia/raw-images/?id=ZR0_0078_0673859754_081ECM_N0032430ZCAM08039_034085J,2430,Mars Perseverance Sol 78: Right Mastcam-Z Camera,3,2021-05-10T04:55:08Z,15.966,-18.5882,673859790.099,1,"(-30.546,99.9637,0.788912)","(1,1,1648,1200)","(1648,1200)",https://mars.nasa.gov/mars2020-raw-images/pub/ods/surface/sol/00078/ids/edr/browse/zcam/ZR0_0078_0673859754_081ECM_N0032430ZCAM08039_034085J01_800.jpg,https://mars.nasa.gov/mars2020-raw-images/pub/ods/surface/sol/00078/ids/edr/browse/zcam/ZR0_0078_0673859754_081ECM_N0032430ZCAM08039_034085J01_320.jpg,https://mars.nasa.gov/mars2020-raw-images/pub/ods/surface/sol/00078/ids/edr/browse/zcam/ZR0_0078_0673859754_081ECM_N0032430ZCAM08039_034085J01.png,https://mars.nasa.gov/mars2020-raw-images/pub/ods/surface/sol/00078/ids/edr/browse/zcam/ZR0_0078_0673859754_081ECM_N0032430ZCAM08039_034085J01_1200.jpg,ZCAM_R0_RGB,"(0.9112124012298413,0.26063294925405517,0.3190022344875972)","(0.82072,0.689575,-1.97081);(0.911415,0.251127,0.325995);(-559.212,4712.45,330.06);(-877.778,-316.805,4646.91);(0.909496,0.253652,0.329385);(-2.64444e-05,-0.472398,0.571439)","(0.82072,0.689575,-1.97081)",MCZ_RIGHT,CAHVOR
78,"(0.206523,-0.0123667,0.018816,0.978183)",ZL0_0078_0673859754_081ECM_N0032430ZCAM08039_034085J,"NASA's Mars Perseverance rover acquired this image using its Left Mastcam-Z camera. Mastcam-Z is a pair of cameras located high on the rover's mast.

This image was acquired on May. 9, 2021 (Sol 78) at the local mean solar time of 11:08:26.",Full,Sol-00078M11:08:26.313,NASA/JPL-Caltech/ASU,2021-05-09T19:18:53.724,https://mars.nasa.gov/rss/api/?feed=raw_images&category=mars2020&feedtype=json&id=ZL0_0078_0673859754_081ECM_N0032430ZCAM08039_034085J,https://mars.nasa.gov/mars2020/multimedia/raw-images/?id=ZL0_0078_0673859754_081ECM_N0032430ZCAM08039_034085J,2430,Mars Perseverance Sol 78: Left Mastcam-Z Camera,3,2021-05-10T04:55:08Z,18.4076,-18.7775,673859789.874,1,"(-30.546,99.9637,0.788912)","(1,1,1648,1200)","(1648,1200)",https://mars.nasa.gov/mars2020-raw-images/pub/ods/surface/sol/00078/ids/edr/browse/zcam/ZL0_0078_0673859754_081ECM_N0032430ZCAM08039_034085J01_800.jpg,https://mars.nasa.gov/mars2020-raw-images/pub/ods/surface/sol/00078/ids/edr/browse/zcam/ZL0_0078_0673859754_081ECM_N0032430ZCAM08039_034085J01_320.jpg,https://mars.nasa.gov/mars2020-raw-images/pub/ods/surface/sol/00078/ids/edr/browse/zcam/ZL0_0078_0673859754_081ECM_N0032430ZCAM08039_034085J01.png,https://mars.nasa.gov/mars2020-raw-images/pub/ods/surface/sol/00078/ids/edr/browse/zcam/ZL0_0078_0673859754_081ECM_N0032430ZCAM08039_034085J01_1200.jpg,ZCAM_L0_RGB,"(0.8982583113098531,0.2990896771810502,0.3219897066157649)","(0.890332,0.456265,-1.97158);(0.897533,0.310188,0.313423);(-725.417,4709.7,207.816);(-911.438,-239.155,4628.04);(0.897674,0.31069,0.31252);(-3.25833e-05,-0.458912,0.427872)","(0.890332,0.456265,-1.97158)",MCZ_LEFT,CAHVOR
